month,ACRE,ALAGOAS,AMAPÁ,AMAZONAS,Aisén del General Carlos Ibáñez del Campo,Alto Paraguay,Alto Paraná,Amambay,Amazonas,Ancash,Antioquia,Antofagasta,Anzoátegui,Apure,Apurímac,Aragua,Arauca,Araucanía,Arequipa,Arica y Parinacota,Artigas,Asunción,Atacama,Atlántico,Ayacucho,Azuay,BAHIA,Barima-Waini,Barinas,Bolivar,Bolívar,Boquerón,Boyacá,Brokopondo,Buenos Aires,Bío-Bío,CEARÁ,Caaguazú,Caazapá,Cajamarca,Caldas,Callao,Canelones,Canindeyú,Caquetá,Carabobo,Carchi,Casanare,Catamarca,Cauca,Cayenne,Cañar,Central,Cerro Largo,Cesar,Chaco,Chimborazo,Chocó,Chubut,Chuquisaca,Cochabamba,Cojedes,Colonia,Commewijne,Concepción,Coquimbo,Cordillera,Coronie,Corrientes,Cotopaxi,Cundinamarca,Cusco,Cuyuni-Mazaruni,Córdoba,DISTRITO FEDERAL,Delta Amacuro,Demerara-Mahaica,Dependencias Federales,Distrito Capital,Durazno,ESPÍRITO SANTO,East Berbice-Corentyne,El Beni,El Oro,Entre Ríos,Esmeraldas,Essequibo Islands-West Demerara,Falcón,Flores,Florida,Formosa,GOIÁS,Galápagos,Guainía,Guairá,Guaviare,Guayas,Guárico,Huancavelica,Huila,Huánuco,Ica,Imbabura,Itapúa,Jujuy,Junín,La Guajira,La Libertad,La Pampa,La Paz,La Rioja,Lambayeque,Lara,Lavalleja,Libertador General Bernardo O'Higgins,Lima,Lima Province,Loja,Loreto,Los Lagos,Los Rios,Los Ríos,MARANHÃO,MATO GROSSO,MATO GROSSO DO SUL,MINAS GERAIS,Madre de Dios,Magallanes y Antártica Chilena,Magdalena,Mahaica-Berbice,Maldonado,Manabi,Marowijne,Maule,Mendoza,Meta,Miranda,Misiones,Monagas,Montevideo,Moquegua,Morona Santiago,Mérida,Napo,Nariño,Neuquén,Nickerie,Norte de Santander,Nueva Esparta,Orellana,Oruro,PARANÁ,PARAÍBA,PARÁ,PERNAMBUCO,PIAUÍ,Pando,Para,Paraguarí,Paramaribo,Pasco,Pastaza,Paysandú,Pichincha,Piura,Pomeroon-Supenaam,Portuguesa,Potaro-Siparuni,Potosí,Presidente Hayes,Puno,Putumayo,Quindío,RIO DE JANEIRO,RIO GRANDE DO NORTE,RIO GRANDE DO SUL,RONDÔNIA,RORAIMA,Región Metropolitana de Santiago,Risaralda,Rivera,Rocha,Río Negro,SANTA CATARINA,SERGIPE,Saint-Laurent-du-Maroni,Salta,Salto,San José,San Juan,San Luis,San Martín,San Pedro,Santa Cruz,Santa Elena,Santa Fe,Santander,Santiago del Estero,Santo Domingo de los Tsáchilas,Saramacca,Sipaliwini,Soriano,Sucre,Sucumbios,SÃO PAULO,TOCANTINS,Tacna,Tacuarembó,Tarapacá,Tarija,Tierra del Fuego,Tolima,Treinta y Tres,Trujillo,Tucumán,Tumbes,Tungurahua,Táchira,Ucayali,Upper Demerara-Berbice,Upper Takutu-Upper Essequibo,Valle del Cauca,Valparaíso,Vargas,Vaupés,Vichada,Wanica,Yaracuy,Zamora Chinchipe,Zulia,Ñeembucú
2019-01,1.0,32.0,4.0,35.0,1.0,212.0,24.0,21.0,205.0,7.0,29.0,0.0,506.0,945.0,0.0,101.0,70.0,39.0,2.0,0.0,1.0,0.0,8.0,18.0,1.0,1.0,212.0,6.0,126.0,3.0,550.0,235.0,7.0,0.0,115.0,42.0,194.0,24.0,33.0,6.0,4.0,0.0,0.0,48.0,60.0,47.0,0.0,205.0,3.0,4.0,0.0,0.0,8.0,0.0,85.0,44.0,1.0,3.0,19.0,4.0,0.0,300.0,1.0,0.0,28.0,2.0,16.0,2.0,20.0,3.0,3.0,1.0,3.0,23.0,4.0,4.0,2.0,0.0,2.0,1.0,25.0,4.0,54.0,1.0,4.0,0.0,0.0,8.0,0.0,0.0,90.0,129.0,2.0,5.0,5.0,36.0,1.0,1089.0,1.0,3.0,0.0,1.0,1.0,13.0,5.0,1.0,7.0,4.0,93.0,13.0,1.0,7.0,26.0,0.0,5.0,4.0,0.0,4.0,6.0,7.0,1.0,2.0,712.0,576.0,542.0,142.0,3.0,0.0,38.0,2.0,0.0,1.0,0.0,16.0,60.0,379.0,19.0,47.0,252.0,0.0,0.0,0.0,8.0,0.0,0.0,7.0,6.0,33.0,0.0,3.0,0.0,92.0,42.0,355.0,67.0,115.0,1.0,0.0,13.0,0.0,0.0,0.0,0.0,1.0,4.0,6.0,173.0,6.0,0.0,152.0,1.0,3.0,1.0,36.0,20.0,33.0,33.0,383.0,19.0,0.0,0.0,1.0,71.0,41.0,31.0,3.0,19.0,0.0,0.0,5.0,5.0,17.0,80.0,218.0,0.0,13.0,17.0,102.0,0.0,0.0,1.0,2.0,25.0,0.0,90.0,84.0,0.0,0.0,2.0,4.0,0.0,19.0,0.0,21.0,7.0,2.0,0.0,9.0,9.0,3.0,95.0,18.0,38.0,0.0,4.0,430.0,0.0,49.0,0.0,92.0,4.0
2019-02,1.0,9.0,0.0,90.0,140.0,212.0,9.0,27.0,435.0,0.0,170.0,4.0,577.0,991.0,0.0,97.0,191.0,201.0,0.0,0.0,5.0,1.0,2.0,15.0,0.0,0.0,432.0,18.0,363.0,0.0,839.0,129.0,22.0,0.0,79.0,128.0,12.0,33.0,88.0,0.0,2.0,0.0,0.0,28.0,682.0,50.0,0.0,371.0,0.0,8.0,0.0,0.0,12.0,1.0,385.0,28.0,0.0,18.0,72.0,0.0,0.0,648.0,0.0,0.0,62.0,0.0,17.0,3.0,61.0,0.0,8.0,1.0,5.0,60.0,1.0,36.0,0.0,0.0,0.0,0.0,32.0,0.0,45.0,0.0,6.0,1.0,1.0,27.0,0.0,0.0,272.0,88.0,3.0,75.0,5.0,799.0,3.0,896.0,0.0,10.0,0.0,0.0,0.0,15.0,1.0,1.0,90.0,5.0,74.0,12.0,2.0,0.0,75.0,0.0,23.0,2.0,0.0,0.0,4.0,29.0,1.0,0.0,74.0,709.0,290.0,111.0,0.0,0.0,203.0,3.0,1.0,1.0,0.0,16.0,14.0,1260.0,41.0,73.0,288.0,0.0,2.0,0.0,78.0,0.0,1.0,8.0,5.0,76.0,1.0,0.0,0.0,24.0,7.0,80.0,9.0,35.0,0.0,0.0,48.0,0.0,0.0,0.0,0.0,0.0,4.0,16.0,503.0,16.0,0.0,284.0,0.0,59.0,1.0,21.0,5.0,48.0,22.0,629.0,7.0,3.0,0.0,1.0,159.0,10.0,13.0,1.0,20.0,0.0,0.0,6.0,15.0,10.0,67.0,202.0,4.0,30.0,41.0,37.0,0.0,0.0,1.0,0.0,101.0,7.0,35.0,78.0,0.0,0.0,0.0,1.0,0.0,11.0,0.0,100.0,4.0,0.0,0.0,75.0,1.0,2.0,51.0,8.0,8.0,1.0,12.0,517.0,0.0,111.0,0.0,569.0,23.0
2019-03,2.0,11.0,0.0,114.0,0.0,113.0,6.0,24.0,339.0,3.0,526.0,0.0,654.0,1002.0,0.0,93.0,124.0,270.0,3.0,0.0,1.0,0.0,0.0,53.0,0.0,0.0,475.0,36.0,622.0,0.0,1581.0,90.0,5.0,5.0,84.0,128.0,3.0,26.0,97.0,0.0,0.0,0.0,0.0,24.0,123.0,61.0,0.0,181.0,0.0,2.0,4.0,1.0,9.0,3.0,342.0,42.0,0.0,94.0,2.0,0.0,0.0,587.0,1.0,2.0,26.0,2.0,14.0,13.0,164.0,0.0,2.0,0.0,24.0,194.0,0.0,66.0,35.0,0.0,2.0,1.0,22.0,43.0,66.0,1.0,18.0,1.0,7.0,90.0,0.0,0.0,204.0,138.0,3.0,22.0,11.0,116.0,10.0,708.0,0.0,6.0,0.0,8.0,1.0,25.0,0.0,0.0,138.0,8.0,64.0,15.0,0.0,2.0,211.0,0.0,21.0,0.0,0.0,1.0,7.0,79.0,6.0,30.0,57.0,1188.0,159.0,127.0,2.0,0.0,487.0,46.0,0.0,3.0,4.0,87.0,10.0,320.0,161.0,153.0,574.0,0.0,0.0,0.0,29.0,0.0,0.0,16.0,51.0,116.0,0.0,0.0,0.0,45.0,4.0,46.0,15.0,46.0,0.0,4.0,38.0,0.0,0.0,0.0,0.0,1.0,3.0,35.0,474.0,26.0,0.0,64.0,0.0,13.0,1.0,3.0,2.0,94.0,28.0,2433.0,2.0,0.0,6.0,1.0,87.0,22.0,12.0,2.0,2.0,1.0,0.0,2.0,52.0,8.0,30.0,128.0,0.0,30.0,29.0,15.0,1.0,7.0,4.0,0.0,363.0,1.0,85.0,82.0,0.0,2.0,0.0,1.0,0.0,0.0,2.0,25.0,0.0,0.0,2.0,62.0,1.0,11.0,79.0,2.0,1.0,1.0,2.0,230.0,0.0,186.0,0.0,364.0,61.0
2019-04,6.0,5.0,0.0,10.0,0.0,60.0,2.0,0.0,78.0,3.0,151.0,0.0,577.0,676.0,0.0,78.0,81.0,227.0,9.0,0.0,1.0,0.0,3.0,18.0,0.0,0.0,141.0,30.0,282.0,0.0,1418.0,42.0,1.0,0.0,77.0,567.0,1.0,5.0,10.0,2.0,0.0,0.0,0.0,7.0,175.0,27.0,0.0,183.0,1.0,5.0,0.0,0.0,5.0,4.0,52.0,9.0,0.0,4.0,2.0,1.0,3.0,162.0,1.0,0.0,5.0,2.0,1.0,8.0,103.0,1.0,0.0,0.0,25.0,52.0,0.0,133.0,29.0,0.0,0.0,0.0,21.0,26.0,138.0,1.0,19.0,5.0,18.0,61.0,0.0,0.0,16.0,83.0,5.0,4.0,1.0,313.0,9.0,644.0,0.0,5.0,9.0,2.0,0.0,5.0,1.0,3.0,96.0,43.0,64.0,14.0,0.0,5.0,106.0,2.0,14.0,2.0,0.0,0.0,10.0,24.0,5.0,5.0,63.0,708.0,70.0,85.0,3.0,0.0,89.0,51.0,1.0,3.0,3.0,61.0,20.0,249.0,249.0,54.0,458.0,1.0,0.0,0.0,3.0,0.0,0.0,91.0,25.0,56.0,0.0,1.0,0.0,59.0,0.0,38.0,11.0,25.0,3.0,3.0,5.0,0.0,7.0,1.0,4.0,0.0,6.0,39.0,249.0,20.0,3.0,6.0,3.0,96.0,0.0,0.0,1.0,54.0,26.0,1134.0,2.0,0.0,0.0,0.0,67.0,12.0,2.0,0.0,1.0,1.0,4.0,4.0,3.0,14.0,15.0,152.0,1.0,57.0,12.0,17.0,0.0,4.0,0.0,1.0,491.0,1.0,78.0,209.0,0.0,1.0,0.0,3.0,0.0,4.0,5.0,7.0,0.0,0.0,0.0,19.0,6.0,6.0,44.0,1.0,1.0,0.0,8.0,144.0,2.0,73.0,0.0,143.0,19.0
2019-05,33.0,5.0,0.0,21.0,0.0,51.0,0.0,9.0,6.0,4.0,16.0,0.0,166.0,189.0,0.0,7.0,19.0,39.0,9.0,1.0,0.0,0.0,3.0,1.0,0.0,0.0,142.0,3.0,105.0,0.0,84.0,19.0,5.0,0.0,68.0,372.0,3.0,0.0,0.0,2.0,0.0,0.0,1.0,7.0,6.0,4.0,0.0,28.0,0.0,4.0,1.0,0.0,0.0,2.0,8.0,1.0,0.0,0.0,1.0,0.0,6.0,15.0,21.0,0.0,7.0,0.0,1.0,0.0,27.0,0.0,0.0,4.0,0.0,5.0,0.0,41.0,0.0,0.0,2.0,0.0,10.0,1.0,238.0,0.0,12.0,0.0,0.0,39.0,0.0,3.0,4.0,134.0,11.0,1.0,1.0,5.0,5.0,210.0,1.0,6.0,15.0,3.0,0.0,5.0,7.0,11.0,8.0,21.0,4.0,33.0,6.0,8.0,11.0,5.0,25.0,1.0,0.0,1.0,11.0,0.0,2.0,2.0,139.0,1118.0,113.0,143.0,8.0,0.0,13.0,0.0,0.0,0.0,0.0,51.0,5.0,38.0,63.0,4.0,82.0,0.0,0.0,0.0,0.0,0.0,0.0,14.0,2.0,20.0,0.0,0.0,2.0,47.0,3.0,80.0,12.0,67.0,5.0,0.0,1.0,0.0,7.0,0.0,0.0,0.0,2.0,0.0,36.0,0.0,5.0,4.0,2.0,0.0,0.0,18.0,0.0,26.0,50.0,21.0,0.0,0.0,0.0,3.0,10.0,3.0,4.0,0.0,6.0,0.0,1.0,6.0,1.0,19.0,6.0,363.0,8.0,31.0,2.0,6.0,0.0,0.0,0.0,1.0,169.0,1.0,81.0,690.0,0.0,0.0,0.0,2.0,0.0,3.0,4.0,2.0,3.0,0.0,0.0,4.0,16.0,0.0,0.0,4.0,2.0,0.0,0.0,48.0,0.0,5.0,0.0,24.0,0.0
2019-06,60.0,3.0,0.0,57.0,0.0,116.0,21.0,47.0,5.0,8.0,11.0,0.0,18.0,7.0,1.0,1.0,1.0,1.0,7.0,1.0,7.0,0.0,0.0,0.0,6.0,0.0,186.0,0.0,2.0,0.0,26.0,282.0,2.0,0.0,46.0,11.0,9.0,68.0,41.0,3.0,0.0,0.0,0.0,85.0,1.0,1.0,0.0,4.0,6.0,2.0,0.0,1.0,35.0,4.0,5.0,61.0,0.0,0.0,1.0,4.0,36.0,2.0,0.0,0.0,117.0,5.0,9.0,0.0,187.0,1.0,0.0,14.0,0.0,33.0,6.0,4.0,2.0,0.0,0.0,0.0,19.0,1.0,489.0,0.0,14.0,0.0,0.0,17.0,1.0,1.0,48.0,217.0,1.0,0.0,9.0,2.0,7.0,9.0,6.0,0.0,51.0,3.0,0.0,48.0,7.0,67.0,4.0,10.0,8.0,92.0,9.0,28.0,9.0,0.0,19.0,14.0,0.0,1.0,40.0,0.0,0.0,0.0,749.0,2151.0,397.0,322.0,15.0,0.0,4.0,0.0,0.0,1.0,0.0,7.0,41.0,14.0,1.0,146.0,12.0,0.0,0.0,1.0,1.0,0.0,0.0,6.0,0.0,19.0,0.0,0.0,12.0,266.0,2.0,315.0,5.0,340.0,8.0,0.0,25.0,0.0,29.0,0.0,0.0,0.0,21.0,0.0,2.0,0.0,9.0,68.0,23.0,0.0,0.0,47.0,1.0,134.0,170.0,2.0,0.0,0.0,0.0,4.0,9.0,104.0,0.0,0.0,21.0,0.0,0.0,13.0,4.0,73.0,122.0,658.0,0.0,126.0,2.0,75.0,0.0,0.0,2.0,3.0,13.0,0.0,290.0,1406.0,1.0,0.0,2.0,1.0,0.0,5.0,0.0,2.0,14.0,3.0,0.0,1.0,84.0,2.0,0.0,4.0,7.0,0.0,0.0,35.0,0.0,1.0,0.0,15.0,9.0
2019-07,272.0,2.0,4.0,1371.0,0.0,124.0,101.0,112.0,9.0,8.0,57.0,0.0,21.0,7.0,6.0,2.0,8.0,0.0,6.0,0.0,12.0,0.0,1.0,7.0,23.0,2.0,337.0,0.0,0.0,0.0,98.0,276.0,1.0,0.0,90.0,13.0,18.0,129.0,153.0,8.0,2.0,0.0,1.0,163.0,2.0,1.0,2.0,7.0,12.0,1.0,0.0,1.0,18.0,14.0,76.0,221.0,1.0,0.0,0.0,5.0,55.0,0.0,5.0,0.0,223.0,2.0,55.0,0.0,806.0,0.0,5.0,53.0,1.0,45.0,30.0,1.0,0.0,0.0,0.0,8.0,78.0,5.0,1172.0,0.0,47.0,0.0,0.0,97.0,0.0,3.0,216.0,403.0,1.0,0.0,17.0,1.0,21.0,2.0,10.0,3.0,43.0,0.0,1.0,134.0,37.0,116.0,38.0,19.0,20.0,155.0,13.0,12.0,41.0,5.0,24.0,9.0,0.0,2.0,64.0,0.0,2.0,0.0,1078.0,2326.0,748.0,808.0,47.0,0.0,29.0,0.0,0.0,3.0,0.0,17.0,51.0,61.0,0.0,216.0,8.0,0.0,1.0,0.0,4.0,0.0,0.0,33.0,0.0,60.0,0.0,0.0,8.0,418.0,4.0,1443.0,5.0,561.0,28.0,0.0,56.0,0.0,27.0,0.0,6.0,0.0,19.0,0.0,0.0,0.0,19.0,173.0,43.0,0.0,0.0,141.0,4.0,379.0,780.0,4.0,2.0,1.0,5.0,4.0,51.0,189.0,0.0,0.0,73.0,0.0,3.0,34.0,32.0,58.0,259.0,1120.0,1.0,387.0,22.0,350.0,0.0,0.0,2.0,4.0,54.0,0.0,393.0,1598.0,0.0,5.0,1.0,4.0,0.0,20.0,0.0,29.0,91.0,2.0,0.0,2.0,104.0,0.0,0.0,10.0,5.0,1.0,0.0,46.0,0.0,1.0,0.0,31.0,30.0
2019-08,3051.0,6.0,21.0,6668.0,0.0,761.0,169.0,302.0,54.0,63.0,114.0,1.0,4.0,18.0,43.0,5.0,8.0,7.0,19.0,1.0,18.0,0.0,3.0,7.0,188.0,4.0,542.0,0.0,9.0,2.0,78.0,243.0,4.0,0.0,310.0,18.0,138.0,354.0,462.0,35.0,21.0,0.0,0.0,282.0,5.0,5.0,4.0,21.0,47.0,21.0,0.0,4.0,29.0,24.0,36.0,1030.0,0.0,2.0,4.0,26.0,165.0,2.0,9.0,0.0,517.0,2.0,118.0,0.0,1847.0,7.0,12.0,389.0,5.0,168.0,29.0,0.0,1.0,0.0,1.0,12.0,35.0,3.0,3976.0,12.0,81.0,1.0,2.0,166.0,2.0,5.0,849.0,698.0,0.0,0.0,82.0,3.0,123.0,5.0,57.0,3.0,755.0,2.0,6.0,236.0,58.0,816.0,57.0,58.0,206.0,513.0,14.0,21.0,114.0,13.0,18.0,11.0,0.0,10.0,495.0,0.0,6.0,0.0,3366.0,8030.0,2430.0,1369.0,593.0,0.0,17.0,0.0,8.0,11.0,0.0,15.0,153.0,75.0,2.0,789.0,18.0,0.0,0.0,0.0,8.0,1.0,5.0,47.0,0.0,121.0,0.0,0.0,19.0,1144.0,41.0,10185.0,14.0,2117.0,230.0,0.0,126.0,0.0,298.0,0.0,16.0,6.0,15.0,1.0,9.0,0.0,7.0,653.0,141.0,3.0,0.0,157.0,52.0,1647.0,5593.0,5.0,8.0,0.0,7.0,7.0,102.0,939.0,0.0,0.0,437.0,2.0,6.0,60.0,161.0,650.0,561.0,9472.0,2.0,1111.0,24.0,1395.0,3.0,0.0,3.0,36.0,15.0,1.0,742.0,2916.0,0.0,7.0,4.0,8.0,0.0,55.0,8.0,80.0,232.0,3.0,0.0,4.0,1130.0,6.0,1.0,20.0,7.0,1.0,1.0,100.0,0.0,11.0,0.0,58.0,64.0
2019-09,2977.0,12.0,138.0,3026.0,0.0,1150.0,85.0,944.0,46.0,14.0,11.0,0.0,8.0,14.0,32.0,6.0,11.0,39.0,8.0,0.0,7.0,0.0,0.0,3.0,53.0,1.0,1896.0,0.0,2.0,4.0,34.0,148.0,5.0,0.0,302.0,60.0,460.0,173.0,174.0,23.0,4.0,0.0,3.0,350.0,18.0,4.0,5.0,21.0,60.0,48.0,12.0,4.0,41.0,21.0,4.0,950.0,12.0,0.0,3.0,139.0,504.0,4.0,8.0,0.0,821.0,1.0,66.0,0.0,925.0,11.0,8.0,204.0,11.0,249.0,116.0,2.0,6.0,0.0,0.0,11.0,171.0,29.0,4065.0,13.0,106.0,3.0,5.0,59.0,6.0,10.0,1274.0,4149.0,2.0,3.0,42.0,1.0,105.0,12.0,11.0,9.0,1039.0,3.0,21.0,137.0,39.0,338.0,2.0,22.0,143.0,737.0,16.0,18.0,40.0,15.0,28.0,4.0,0.0,47.0,395.0,4.0,18.0,1.0,3667.0,10747.0,3210.0,3833.0,548.0,0.0,0.0,11.0,12.0,15.0,10.0,32.0,112.0,47.0,5.0,253.0,18.0,0.0,0.0,0.0,5.0,1.0,9.0,24.0,9.0,28.0,0.0,2.0,6.0,731.0,139.0,4618.0,76.0,3137.0,272.0,9.0,102.0,0.0,224.0,0.0,4.0,5.0,12.0,1.0,5.0,5.0,7.0,1092.0,89.0,80.0,0.0,208.0,81.0,523.0,3644.0,26.0,8.0,0.0,13.0,21.0,98.0,272.0,0.0,10.0,650.0,3.0,16.0,82.0,72.0,562.0,657.0,10599.0,0.0,876.0,5.0,1429.0,1.0,1.0,27.0,8.0,14.0,6.0,872.0,4505.0,0.0,11.0,1.0,70.0,0.0,48.0,15.0,7.0,199.0,3.0,1.0,12.0,1547.0,8.0,7.0,5.0,2.0,1.0,3.0,83.0,1.0,23.0,0.0,23.0,45.0
2019-10,354.0,20.0,540.0,548.0,0.0,416.0,23.0,165.0,13.0,5.0,5.0,2.0,44.0,26.0,16.0,0.0,4.0,20.0,26.0,0.0,3.0,0.0,6.0,1.0,9.0,0.0,1783.0,2.0,7.0,1.0,67.0,231.0,1.0,21.0,67.0,45.0,1373.0,61.0,72.0,8.0,0.0,0.0,0.0,76.0,6.0,2.0,0.0,22.0,24.0,3.0,38.0,0.0,12.0,3.0,5.0,540.0,0.0,0.0,2.0,180.0,251.0,8.0,4.0,2.0,261.0,0.0,39.0,0.0,249.0,2.0,3.0,85.0,55.0,90.0,27.0,6.0,1.0,0.0,2.0,12.0,73.0,51.0,2409.0,3.0,31.0,3.0,6.0,13.0,2.0,2.0,942.0,873.0,0.0,0.0,28.0,4.0,30.0,69.0,12.0,6.0,164.0,1.0,0.0,82.0,57.0,57.0,0.0,8.0,48.0,363.0,24.0,3.0,17.0,6.0,7.0,18.0,0.0,3.0,146.0,7.0,5.0,1.0,3645.0,1774.0,2310.0,2049.0,119.0,0.0,1.0,24.0,2.0,26.0,18.0,10.0,50.0,52.0,8.0,119.0,30.0,0.0,0.0,2.0,0.0,0.0,1.0,3.0,26.0,20.0,0.0,2.0,11.0,310.0,332.0,3870.0,204.0,2671.0,119.0,15.0,42.0,0.0,49.0,1.0,0.0,0.0,6.0,5.0,57.0,25.0,17.0,1599.0,31.0,3.0,0.0,70.0,235.0,104.0,556.0,53.0,2.0,0.0,0.0,2.0,22.0,68.0,1.0,38.0,400.0,0.0,1.0,19.0,29.0,64.0,169.0,1894.0,3.0,188.0,6.0,546.0,1.0,1.0,69.0,4.0,28.0,2.0,308.0,1462.0,0.0,0.0,1.0,143.0,0.0,13.0,0.0,0.0,107.0,0.0,0.0,3.0,263.0,3.0,16.0,4.0,2.0,0.0,8.0,138.0,0.0,4.0,0.0,5.0,37.0
2019-11,44.0,60.0,503.0,573.0,0.0,259.0,5.0,55.0,26.0,4.0,4.0,1.0,46.0,90.0,1.0,6.0,7.0,26.0,1.0,0.0,0.0,0.0,12.0,1.0,5.0,0.0,924.0,0.0,8.0,1.0,104.0,268.0,0.0,25.0,39.0,19.0,1324.0,23.0,31.0,11.0,1.0,1.0,0.0,48.0,7.0,2.0,0.0,41.0,7.0,2.0,28.0,0.0,9.0,1.0,4.0,107.0,0.0,0.0,5.0,44.0,77.0,9.0,0.0,1.0,76.0,9.0,35.0,6.0,28.0,0.0,0.0,6.0,19.0,47.0,0.0,4.0,0.0,0.0,0.0,0.0,123.0,20.0,834.0,4.0,5.0,8.0,1.0,2.0,0.0,0.0,365.0,160.0,1.0,3.0,6.0,2.0,103.0,255.0,1.0,2.0,10.0,2.0,0.0,15.0,18.0,4.0,3.0,10.0,21.0,117.0,3.0,1.0,0.0,8.0,8.0,4.0,0.0,18.0,42.0,8.0,73.0,1.0,3158.0,1176.0,1243.0,892.0,10.0,0.0,0.0,1.0,0.0,155.0,4.0,10.0,12.0,80.0,1.0,36.0,26.0,0.0,0.0,0.0,0.0,0.0,0.0,11.0,6.0,9.0,0.0,2.0,7.0,97.0,351.0,7390.0,246.0,1211.0,10.0,21.0,28.0,0.0,3.0,1.0,0.0,0.0,19.0,0.0,108.0,2.0,2.0,576.0,17.0,6.0,0.0,5.0,230.0,53.0,263.0,58.0,14.0,0.0,1.0,0.0,29.0,63.0,2.0,21.0,171.0,0.0,0.0,11.0,44.0,17.0,90.0,1110.0,9.0,79.0,3.0,88.0,0.0,0.0,37.0,0.0,4.0,0.0,60.0,376.0,0.0,3.0,0.0,44.0,6.0,9.0,0.0,1.0,8.0,6.0,0.0,2.0,74.0,6.0,54.0,8.0,88.0,0.0,1.0,225.0,3.0,0.0,0.0,5.0,16.0
2019-12,1.0,67.0,67.0,163.0,0.0,26.0,1.0,5.0,52.0,3.0,10.0,4.0,198.0,414.0,0.0,25.0,40.0,24.0,4.0,0.0,1.0,0.0,4.0,1.0,2.0,0.0,301.0,0.0,15.0,0.0,184.0,155.0,2.0,1.0,68.0,27.0,769.0,3.0,11.0,5.0,1.0,0.0,1.0,15.0,12.0,20.0,0.0,57.0,12.0,1.0,1.0,2.0,11.0,2.0,2.0,112.0,1.0,0.0,0.0,6.0,2.0,108.0,9.0,0.0,1.0,0.0,9.0,0.0,26.0,0.0,2.0,0.0,1.0,35.0,0.0,0.0,1.0,0.0,0.0,0.0,13.0,7.0,56.0,8.0,21.0,23.0,0.0,1.0,2.0,2.0,220.0,88.0,1.0,2.0,2.0,14.0,61.0,648.0,1.0,4.0,4.0,2.0,0.0,15.0,7.0,1.0,7.0,4.0,88.0,11.0,0.0,7.0,1.0,4.0,2.0,2.0,0.0,56.0,15.0,5.0,29.0,2.0,1813.0,666.0,141.0,118.0,1.0,0.0,3.0,0.0,2.0,161.0,0.0,15.0,41.0,125.0,2.0,48.0,8.0,0.0,0.0,0.0,1.0,0.0,0.0,41.0,2.0,12.0,0.0,0.0,2.0,81.0,259.0,1745.0,176.0,569.0,0.0,0.0,25.0,0.0,0.0,0.0,0.0,0.0,9.0,0.0,92.0,0.0,1.0,66.0,0.0,0.0,0.0,6.0,99.0,101.0,65.0,36.0,26.0,0.0,0.0,4.0,51.0,81.0,16.0,0.0,74.0,1.0,1.0,22.0,19.0,20.0,16.0,195.0,18.0,91.0,4.0,79.0,0.0,0.0,0.0,1.0,4.0,0.0,40.0,219.0,0.0,0.0,0.0,21.0,1.0,1.0,0.0,0.0,1.0,7.0,0.0,0.0,15.0,4.0,18.0,4.0,23.0,0.0,0.0,275.0,0.0,1.0,0.0,3.0,27.0
2020-01,16.0,45.0,2.0,197.0,0.0,36.0,13.0,11.0,331.0,3.0,59.0,0.0,303.0,1430.0,0.0,119.0,99.0,113.0,1.0,0.0,0.0,0.0,9.0,4.0,0.0,0.0,164.0,4.0,170.0,0.0,710.0,288.0,6.0,7.0,54.0,134.0,94.0,12.0,11.0,12.0,2.0,0.0,8.0,37.0,302.0,62.0,0.0,263.0,1.0,13.0,1.0,1.0,5.0,1.0,73.0,59.0,0.0,0.0,9.0,1.0,0.0,311.0,3.0,0.0,15.0,1.0,1.0,17.0,50.0,0.0,7.0,0.0,2.0,43.0,2.0,0.0,4.0,0.0,1.0,0.0,10.0,7.0,60.0,0.0,18.0,7.0,2.0,3.0,0.0,0.0,145.0,60.0,1.0,32.0,3.0,54.0,12.0,887.0,0.0,12.0,2.0,1.0,4.0,8.0,3.0,1.0,5.0,3.0,6.0,7.0,3.0,8.0,23.0,2.0,6.0,4.0,0.0,0.0,84.0,6.0,3.0,4.0,86.0,768.0,226.0,80.0,4.0,0.0,20.0,6.0,1.0,12.0,1.0,26.0,28.0,488.0,2.0,40.0,67.0,3.0,1.0,1.0,2.0,1.0,3.0,26.0,16.0,34.0,0.0,1.0,1.0,39.0,63.0,225.0,105.0,47.0,0.0,5.0,13.0,0.0,0.0,1.0,0.0,5.0,14.0,5.0,255.0,1.0,0.0,58.0,2.0,108.0,0.0,7.0,37.0,32.0,56.0,297.0,3.0,1.0,0.0,0.0,104.0,35.0,29.0,4.0,44.0,0.0,2.0,12.0,25.0,48.0,14.0,295.0,3.0,70.0,35.0,100.0,1.0,0.0,1.0,0.0,28.0,10.0,69.0,75.0,0.0,0.0,1.0,4.0,0.0,14.0,0.0,14.0,8.0,5.0,0.0,4.0,54.0,10.0,66.0,16.0,5.0,0.0,46.0,821.0,0.0,42.0,3.0,75.0,35.0
2020-02,0.0,21.0,1.0,73.0,0.0,92.0,18.0,9.0,450.0,2.0,223.0,2.0,451.0,2234.0,0.0,160.0,125.0,131.0,0.0,0.0,2.0,0.0,1.0,13.0,0.0,0.0,153.0,4.0,368.0,0.0,959.0,333.0,40.0,0.0,57.0,70.0,8.0,17.0,28.0,1.0,2.0,0.0,8.0,18.0,1282.0,74.0,2.0,273.0,0.0,8.0,2.0,0.0,17.0,9.0,190.0,235.0,1.0,1.0,13.0,1.0,0.0,386.0,0.0,0.0,14.0,0.0,7.0,6.0,294.0,0.0,20.0,0.0,10.0,37.0,2.0,5.0,16.0,0.0,1.0,0.0,11.0,15.0,18.0,1.0,60.0,2.0,7.0,21.0,0.0,0.0,494.0,92.0,4.0,85.0,9.0,747.0,7.0,1036.0,0.0,23.0,0.0,4.0,1.0,24.0,5.0,1.0,37.0,7.0,19.0,5.0,1.0,6.0,47.0,3.0,36.0,1.0,0.0,3.0,24.0,7.0,2.0,4.0,72.0,806.0,250.0,114.0,2.0,0.0,113.0,10.0,4.0,4.0,0.0,217.0,19.0,1591.0,19.0,104.0,138.0,7.0,4.0,1.0,22.0,0.0,1.0,22.0,18.0,88.0,0.0,1.0,0.0,49.0,16.0,64.0,36.0,38.0,0.0,1.0,43.0,0.0,1.0,0.0,0.0,4.0,2.0,1.0,380.0,8.0,0.0,232.0,0.0,231.0,1.0,10.0,5.0,89.0,39.0,483.0,0.0,4.0,1.0,6.0,50.0,36.0,9.0,0.0,27.0,0.0,1.0,1.0,25.0,48.0,41.0,79.0,2.0,376.0,52.0,103.0,0.0,0.0,0.0,0.0,61.0,19.0,103.0,77.0,0.0,0.0,0.0,30.0,0.0,57.0,0.0,80.0,6.0,0.0,0.0,40.0,2.0,12.0,131.0,12.0,6.0,0.0,14.0,1029.0,0.0,123.0,2.0,358.0,86.0
2020-03,1.0,12.0,1.0,77.0,0.0,197.0,19.0,13.0,540.0,4.0,1091.0,0.0,533.0,2358.0,0.0,153.0,289.0,250.0,1.0,0.0,4.0,0.0,0.0,42.0,0.0,0.0,92.0,9.0,918.0,0.0,1958.0,260.0,35.0,5.0,39.0,102.0,2.0,69.0,140.0,0.0,4.0,0.0,9.0,49.0,566.0,229.0,0.0,322.0,8.0,3.0,2.0,0.0,82.0,4.0,523.0,575.0,3.0,171.0,14.0,2.0,7.0,857.0,0.0,0.0,64.0,2.0,91.0,15.0,453.0,2.0,12.0,0.0,20.0,343.0,0.0,26.0,15.0,0.0,4.0,1.0,6.0,45.0,99.0,1.0,96.0,4.0,11.0,83.0,0.0,0.0,1584.0,124.0,10.0,25.0,34.0,367.0,15.0,833.0,0.0,4.0,4.0,0.0,0.0,94.0,2.0,1.0,291.0,12.0,27.0,12.0,0.0,2.0,414.0,2.0,32.0,0.0,0.0,0.0,22.0,33.0,5.0,17.0,39.0,1270.0,575.0,82.0,8.0,0.0,585.0,10.0,1.0,3.0,0.0,73.0,14.0,1093.0,165.0,213.0,321.0,5.0,0.0,0.0,58.0,1.0,0.0,29.0,26.0,122.0,2.0,1.0,1.0,147.0,3.0,63.0,14.0,28.0,4.0,3.0,154.0,0.0,1.0,0.0,1.0,0.0,3.0,10.0,1028.0,17.0,1.0,1069.0,0.0,168.0,1.0,6.0,3.0,227.0,38.0,695.0,1.0,1.0,1.0,4.0,68.0,132.0,5.0,8.0,15.0,1.0,0.0,8.0,38.0,18.0,202.0,214.0,0.0,818.0,111.0,163.0,1.0,4.0,5.0,0.0,322.0,10.0,127.0,111.0,0.0,1.0,0.0,13.0,0.0,24.0,7.0,146.0,0.0,0.0,2.0,88.0,4.0,2.0,114.0,4.0,3.0,3.0,4.0,669.0,0.0,540.0,0.0,870.0,263.0
2020-04,4.0,5.0,0.0,12.0,0.0,185.0,60.0,15.0,82.0,6.0,159.0,0.0,893.0,763.0,0.0,161.0,154.0,362.0,9.0,0.0,9.0,0.0,4.0,18.0,2.0,0.0,98.0,50.0,402.0,0.0,1603.0,161.0,9.0,1.0,80.0,381.0,0.0,159.0,227.0,0.0,0.0,0.0,1.0,63.0,41.0,85.0,0.0,153.0,6.0,1.0,0.0,0.0,85.0,16.0,47.0,519.0,1.0,13.0,12.0,3.0,7.0,251.0,8.0,0.0,71.0,1.0,231.0,5.0,961.0,0.0,6.0,8.0,17.0,101.0,5.0,193.0,8.0,0.0,20.0,8.0,8.0,37.0,100.0,2.0,125.0,2.0,13.0,97.0,1.0,0.0,1048.0,156.0,7.0,1.0,27.0,33.0,10.0,835.0,0.0,9.0,8.0,10.0,0.0,168.0,0.0,8.0,118.0,22.0,15.0,19.0,4.0,8.0,137.0,6.0,8.0,2.0,0.0,0.0,36.0,28.0,7.0,18.0,93.0,992.0,813.0,83.0,4.0,0.0,44.0,27.0,2.0,1.0,0.0,66.0,4.0,101.0,468.0,381.0,837.0,0.0,0.0,0.0,10.0,2.0,1.0,86.0,16.0,106.0,0.0,3.0,1.0,309.0,1.0,38.0,11.0,35.0,1.0,3.0,157.0,0.0,19.0,0.0,4.0,0.0,2.0,33.0,201.0,3.0,1.0,1073.0,2.0,28.0,0.0,10.0,2.0,457.0,33.0,165.0,4.0,0.0,4.0,9.0,95.0,308.0,6.0,1.0,9.0,4.0,4.0,11.0,1.0,23.0,386.0,281.0,0.0,955.0,19.0,169.0,0.0,4.0,0.0,5.0,523.0,2.0,252.0,221.0,2.0,16.0,0.0,8.0,0.0,3.0,5.0,10.0,7.0,0.0,0.0,34.0,27.0,5.0,17.0,5.0,0.0,5.0,0.0,108.0,0.0,163.0,0.0,291.0,254.0
2020-05,39.0,1.0,0.0,15.0,0.0,118.0,26.0,23.0,15.0,8.0,26.0,0.0,410.0,256.0,3.0,18.0,17.0,62.0,4.0,1.0,9.0,0.0,2.0,8.0,11.0,0.0,95.0,5.0,75.0,0.0,361.0,147.0,2.0,0.0,79.0,251.0,3.0,82.0,73.0,3.0,0.0,0.0,4.0,100.0,0.0,15.0,0.0,14.0,8.0,1.0,0.0,0.0,49.0,19.0,12.0,323.0,0.0,0.0,1.0,4.0,45.0,60.0,15.0,0.0,100.0,1.0,75.0,0.0,541.0,0.0,0.0,20.0,2.0,122.0,5.0,68.0,1.0,0.0,4.0,6.0,11.0,6.0,332.0,2.0,225.0,0.0,1.0,112.0,2.0,4.0,789.0,150.0,5.0,1.0,14.0,0.0,16.0,382.0,3.0,1.0,34.0,4.0,1.0,54.0,6.0,44.0,8.0,44.0,19.0,99.0,3.0,23.0,54.0,33.0,5.0,2.0,0.0,0.0,19.0,0.0,7.0,0.0,231.0,951.0,355.0,166.0,15.0,0.0,17.0,0.0,5.0,4.0,0.0,130.0,20.0,7.0,401.0,167.0,258.0,1.0,0.0,0.0,5.0,0.0,0.0,6.0,1.0,60.0,0.0,1.0,5.0,319.0,0.0,88.0,2.0,54.0,13.0,0.0,105.0,0.0,30.0,0.0,0.0,0.0,3.0,2.0,56.0,0.0,3.0,622.0,15.0,0.0,0.0,26.0,0.0,423.0,58.0,11.0,9.0,0.0,9.0,34.0,42.0,286.0,5.0,0.0,23.0,2.0,7.0,13.0,17.0,29.0,214.0,327.0,3.0,1084.0,3.0,303.0,1.0,0.0,0.0,6.0,334.0,0.0,262.0,446.0,1.0,25.0,0.0,8.0,0.0,7.0,31.0,3.0,46.0,2.0,0.0,4.0,49.0,0.0,0.0,1.0,31.0,12.0,0.0,38.0,0.0,38.0,1.0,154.0,146.0
2020-06,71.0,0.0,3.0,122.0,0.0,105.0,15.0,23.0,23.0,6.0,4.0,0.0,53.0,26.0,22.0,4.0,5.0,20.0,2.0,0.0,6.0,0.0,0.0,9.0,10.0,2.0,244.0,0.0,13.0,0.0,39.0,124.0,0.0,0.0,128.0,42.0,12.0,75.0,66.0,2.0,0.0,0.0,0.0,124.0,4.0,3.0,0.0,7.0,23.0,1.0,0.0,0.0,17.0,3.0,6.0,541.0,0.0,1.0,0.0,8.0,23.0,6.0,9.0,0.0,67.0,0.0,14.0,0.0,441.0,2.0,0.0,17.0,0.0,78.0,11.0,7.0,0.0,0.0,2.0,3.0,51.0,0.0,432.0,2.0,247.0,0.0,0.0,40.0,0.0,1.0,509.0,314.0,1.0,0.0,6.0,1.0,25.0,85.0,1.0,3.0,20.0,4.0,0.0,58.0,38.0,48.0,5.0,33.0,7.0,87.0,11.0,28.0,16.0,3.0,6.0,8.0,0.0,1.0,82.0,0.0,9.0,0.0,757.0,1960.0,508.0,272.0,19.0,0.0,7.0,0.0,0.0,0.0,0.0,27.0,34.0,30.0,14.0,166.0,54.0,0.0,0.0,0.0,0.0,0.0,2.0,2.0,0.0,22.0,0.0,0.0,24.0,238.0,4.0,491.0,10.0,148.0,11.0,0.0,87.0,0.0,23.0,0.0,0.0,0.0,27.0,0.0,5.0,0.0,17.0,472.0,42.0,1.0,0.0,40.0,1.0,158.0,138.0,4.0,0.0,0.0,1.0,5.0,16.0,102.0,0.0,0.0,60.0,0.0,2.0,13.0,3.0,184.0,174.0,300.0,0.0,779.0,6.0,370.0,0.0,0.0,1.0,2.0,24.0,2.0,262.0,1188.0,1.0,5.0,2.0,9.0,0.0,2.0,1.0,2.0,96.0,7.0,0.0,0.0,82.0,1.0,0.0,1.0,0.0,1.0,0.0,40.0,0.0,7.0,0.0,29.0,119.0
2020-07,335.0,3.0,2.0,2119.0,0.0,417.0,37.0,40.0,3.0,13.0,14.0,1.0,15.0,8.0,59.0,4.0,2.0,2.0,18.0,1.0,11.0,0.0,0.0,6.0,57.0,0.0,341.0,0.0,2.0,1.0,35.0,163.0,0.0,1.0,212.0,2.0,63.0,120.0,68.0,5.0,1.0,0.0,0.0,100.0,4.0,9.0,0.0,12.0,38.0,1.0,0.0,0.0,34.0,8.0,23.0,1153.0,0.0,0.0,2.0,22.0,77.0,1.0,4.0,0.0,149.0,2.0,11.0,0.0,925.0,0.0,0.0,115.0,2.0,187.0,25.0,0.0,0.0,0.0,0.0,0.0,34.0,2.0,1091.0,0.0,1229.0,0.0,0.0,48.0,0.0,3.0,974.0,402.0,1.0,0.0,8.0,0.0,20.0,7.0,29.0,4.0,69.0,1.0,1.0,47.0,33.0,174.0,66.0,16.0,14.0,216.0,24.0,23.0,31.0,1.0,0.0,7.0,0.0,3.0,107.0,0.0,2.0,0.0,1871.0,2429.0,1305.0,536.0,25.0,0.0,1.0,0.0,0.0,3.0,0.0,1.0,36.0,51.0,5.0,154.0,5.0,0.0,0.0,0.0,1.0,0.0,0.0,1.0,0.0,28.0,0.0,0.0,12.0,337.0,5.0,2687.0,16.0,511.0,49.0,0.0,56.0,0.0,32.0,0.0,13.0,0.0,23.0,0.0,0.0,1.0,22.0,1098.0,63.0,0.0,0.0,130.0,7.0,201.0,428.0,9.0,0.0,0.0,2.0,6.0,18.0,89.0,0.0,0.0,140.0,0.0,2.0,26.0,15.0,179.0,247.0,1027.0,0.0,2149.0,7.0,961.0,0.0,0.0,2.0,15.0,7.0,0.0,558.0,1361.0,0.0,9.0,1.0,8.0,0.0,7.0,4.0,25.0,494.0,1.0,0.0,5.0,117.0,1.0,3.0,6.0,0.0,0.0,0.0,67.0,0.0,2.0,0.0,15.0,99.0
2020-08,3578.0,5.0,16.0,8030.0,0.0,585.0,80.0,93.0,40.0,93.0,38.0,0.0,1.0,5.0,35.0,0.0,4.0,0.0,29.0,6.0,18.0,5.0,2.0,2.0,142.0,1.0,437.0,0.0,0.0,6.0,38.0,229.0,0.0,1.0,412.0,12.0,209.0,276.0,509.0,32.0,5.0,0.0,7.0,176.0,1.0,1.0,1.0,10.0,73.0,5.0,0.0,3.0,327.0,29.0,5.0,2607.0,3.0,1.0,0.0,74.0,180.0,0.0,4.0,0.0,620.0,0.0,116.0,0.0,2315.0,0.0,2.0,508.0,0.0,538.0,22.0,0.0,1.0,0.0,0.0,12.0,25.0,5.0,2975.0,6.0,2281.0,2.0,0.0,30.0,3.0,11.0,4160.0,964.0,0.0,0.0,58.0,0.0,47.0,4.0,68.0,4.0,536.0,3.0,5.0,288.0,53.0,800.0,40.0,56.0,106.0,413.0,34.0,9.0,19.0,11.0,6.0,28.0,0.0,10.0,592.0,0.0,7.0,0.0,2162.0,10430.0,2508.0,1155.0,576.0,0.0,1.0,1.0,5.0,5.0,0.0,7.0,126.0,9.0,2.0,819.0,0.0,0.0,3.0,1.0,1.0,0.0,0.0,23.0,3.0,8.0,0.0,0.0,18.0,801.0,50.0,10865.0,18.0,919.0,329.0,0.0,339.0,0.0,250.0,0.0,15.0,1.0,9.0,0.0,0.0,0.0,22.0,2352.0,131.0,0.0,0.0,162.0,30.0,1404.0,3087.0,14.0,2.0,0.0,21.0,16.0,54.0,977.0,1.0,0.0,530.0,14.0,11.0,76.0,89.0,1074.0,516.0,1574.0,0.0,3812.0,5.0,1940.0,0.0,0.0,1.0,15.0,1.0,0.0,1111.0,1714.0,3.0,47.0,1.0,40.0,0.0,4.0,11.0,36.0,652.0,3.0,0.0,0.0,999.0,2.0,1.0,7.0,2.0,0.0,0.0,21.0,0.0,0.0,1.0,17.0,844.0
2020-09,3357.0,4.0,84.0,4270.0,0.0,673.0,96.0,137.0,59.0,29.0,15.0,0.0,7.0,27.0,35.0,8.0,23.0,17.0,19.0,2.0,7.0,1.0,0.0,0.0,49.0,2.0,1918.0,2.0,2.0,4.0,45.0,481.0,1.0,2.0,311.0,73.0,440.0,210.0,322.0,45.0,1.0,0.0,1.0,292.0,41.0,6.0,0.0,46.0,57.0,11.0,20.0,4.0,102.0,6.0,1.0,2480.0,1.0,0.0,2.0,500.0,481.0,1.0,15.0,2.0,301.0,3.0,126.0,0.0,1013.0,5.0,6.0,197.0,15.0,580.0,83.0,3.0,6.0,0.0,0.0,9.0,131.0,24.0,3831.0,7.0,735.0,2.0,6.0,21.0,7.0,7.0,3182.0,1825.0,0.0,3.0,58.0,5.0,47.0,16.0,29.0,7.0,506.0,0.0,2.0,184.0,71.0,248.0,3.0,13.0,81.0,540.0,31.0,3.0,23.0,13.0,16.0,6.0,0.0,3.0,255.0,1.0,13.0,1.0,4403.0,20312.0,3097.0,3467.0,710.0,0.0,1.0,26.0,6.0,9.0,18.0,40.0,119.0,57.0,6.0,337.0,20.0,1.0,2.0,1.0,0.0,2.0,2.0,14.0,10.0,18.0,0.0,8.0,15.0,702.0,156.0,10876.0,128.0,2772.0,829.0,5.0,164.0,0.0,230.0,0.0,6.0,0.0,7.0,5.0,6.0,7.0,14.0,2539.0,65.0,51.0,0.0,237.0,106.0,263.0,4202.0,62.0,3.0,0.0,9.0,11.0,86.0,203.0,0.0,14.0,737.0,2.0,16.0,63.0,363.0,299.0,474.0,4008.0,2.0,2451.0,1.0,1529.0,0.0,0.0,12.0,9.0,5.0,2.0,2254.0,3977.0,0.0,7.0,2.0,131.0,0.0,7.0,15.0,0.0,373.0,3.0,0.0,6.0,916.0,10.0,11.0,5.0,1.0,1.0,21.0,76.0,0.0,2.0,4.0,12.0,352.0
2020-10,1652.0,25.0,527.0,1265.0,2.0,481.0,29.0,70.0,62.0,27.0,9.0,5.0,26.0,36.0,23.0,1.0,11.0,73.0,9.0,0.0,1.0,0.0,10.0,0.0,43.0,2.0,3666.0,3.0,8.0,0.0,87.0,287.0,1.0,37.0,101.0,77.0,913.0,74.0,209.0,83.0,0.0,0.0,5.0,117.0,14.0,4.0,5.0,35.0,37.0,4.0,72.0,2.0,33.0,1.0,7.0,771.0,4.0,2.0,14.0,489.0,564.0,9.0,0.0,2.0,124.0,5.0,76.0,0.0,286.0,7.0,0.0,113.0,59.0,517.0,39.0,1.0,14.0,0.0,1.0,2.0,82.0,62.0,4075.0,7.0,498.0,6.0,3.0,6.0,2.0,2.0,2507.0,1622.0,2.0,7.0,41.0,7.0,152.0,14.0,40.0,8.0,296.0,5.0,4.0,106.0,169.0,145.0,2.0,22.0,13.0,1238.0,33.0,10.0,8.0,8.0,8.0,7.0,0.0,24.0,190.0,0.0,101.0,6.0,3394.0,5259.0,1949.0,2404.0,463.0,0.0,2.0,56.0,2.0,106.0,9.0,24.0,58.0,115.0,2.0,149.0,33.0,0.0,1.0,1.0,1.0,0.0,0.0,13.0,30.0,13.0,0.0,2.0,9.0,352.0,248.0,8052.0,270.0,3437.0,254.0,30.0,139.0,0.0,197.0,1.0,2.0,7.0,24.0,14.0,32.0,20.0,6.0,3352.0,93.0,23.0,0.0,52.0,175.0,196.0,2413.0,113.0,2.0,0.0,1.0,9.0,39.0,172.0,4.0,82.0,842.0,2.0,0.0,36.0,232.0,77.0,204.0,5387.0,12.0,683.0,3.0,658.0,0.0,0.0,101.0,1.0,16.0,2.0,995.0,2192.0,2.0,3.0,3.0,200.0,0.0,9.0,1.0,4.0,110.0,4.0,0.0,13.0,715.0,13.0,57.0,3.0,8.0,2.0,4.0,113.0,0.0,9.0,14.0,7.0,221.0
2020-11,129.0,10.0,76.0,374.0,1.0,416.0,41.0,59.0,44.0,26.0,5.0,1.0,12.0,67.0,60.0,0.0,18.0,28.0,11.0,0.0,2.0,0.0,8.0,0.0,58.0,36.0,447.0,0.0,1.0,28.0,27.0,444.0,2.0,7.0,38.0,24.0,1279.0,67.0,202.0,129.0,2.0,0.0,0.0,81.0,10.0,0.0,2.0,31.0,22.0,6.0,3.0,4.0,8.0,2.0,1.0,317.0,35.0,2.0,0.0,166.0,325.0,3.0,1.0,0.0,35.0,6.0,74.0,1.0,469.0,11.0,0.0,80.0,10.0,84.0,1.0,0.0,0.0,0.0,0.0,0.0,10.0,2.0,1967.0,47.0,245.0,40.0,0.0,0.0,1.0,0.0,487.0,229.0,0.0,6.0,33.0,5.0,309.0,24.0,35.0,10.0,78.0,2.0,1.0,341.0,137.0,80.0,0.0,31.0,19.0,381.0,21.0,11.0,0.0,0.0,2.0,13.0,0.0,136.0,52.0,3.0,333.0,3.0,2481.0,1919.0,299.0,281.0,66.0,0.0,0.0,1.0,0.0,469.0,0.0,27.0,26.0,56.0,0.0,353.0,9.0,1.0,2.0,2.0,0.0,4.0,0.0,19.0,2.0,2.0,1.0,1.0,19.0,186.0,181.0,2970.0,214.0,880.0,25.0,9.0,148.0,0.0,38.0,0.0,17.0,23.0,89.0,0.0,38.0,1.0,8.0,430.0,61.0,1.0,0.0,9.0,143.0,110.0,509.0,19.0,7.0,0.0,1.0,1.0,2.0,69.0,3.0,0.0,404.0,0.0,3.0,35.0,168.0,37.0,88.0,2789.0,16.0,297.0,1.0,415.0,0.0,0.0,4.0,5.0,0.0,4.0,115.0,520.0,0.0,1.0,0.0,75.0,0.0,3.0,0.0,0.0,55.0,13.0,5.0,1.0,230.0,2.0,15.0,3.0,3.0,0.0,0.0,130.0,0.0,0.0,9.0,4.0,141.0
2020-12,11.0,28.0,38.0,175.0,0.0,104.0,16.0,31.0,40.0,1.0,9.0,0.0,137.0,462.0,0.0,9.0,70.0,19.0,10.0,0.0,1.0,0.0,0.0,1.0,7.0,0.0,257.0,0.0,14.0,0.0,120.0,190.0,3.0,1.0,65.0,26.0,956.0,13.0,60.0,5.0,2.0,0.0,4.0,24.0,18.0,5.0,0.0,122.0,11.0,1.0,0.0,0.0,0.0,0.0,6.0,67.0,0.0,0.0,4.0,18.0,6.0,15.0,0.0,0.0,42.0,1.0,1.0,0.0,34.0,0.0,2.0,2.0,0.0,13.0,1.0,0.0,0.0,0.0,0.0,0.0,22.0,4.0,171.0,11.0,86.0,34.0,0.0,2.0,1.0,1.0,59.0,70.0,3.0,1.0,8.0,6.0,20.0,366.0,0.0,2.0,4.0,1.0,2.0,19.0,4.0,11.0,2.0,10.0,67.0,30.0,5.0,9.0,2.0,1.0,2.0,0.0,0.0,20.0,21.0,5.0,19.0,2.0,1228.0,612.0,195.0,97.0,1.0,0.0,7.0,0.0,0.0,20.0,0.0,11.0,27.0,161.0,0.0,105.0,26.0,0.0,0.0,2.0,2.0,2.0,0.0,71.0,0.0,8.0,1.0,2.0,5.0,40.0,183.0,2184.0,193.0,448.0,0.0,0.0,15.0,0.0,3.0,0.0,0.0,0.0,6.0,0.0,115.0,0.0,4.0,187.0,3.0,6.0,2.0,4.0,155.0,52.0,144.0,58.0,9.0,0.0,2.0,1.0,19.0,16.0,15.0,1.0,71.0,0.0,3.0,12.0,52.0,43.0,23.0,375.0,7.0,132.0,5.0,124.0,0.0,0.0,1.0,0.0,2.0,0.0,15.0,211.0,1.0,2.0,3.0,13.0,0.0,1.0,0.0,2.0,7.0,8.0,0.0,0.0,42.0,4.0,12.0,6.0,13.0,0.0,0.0,238.0,0.0,3.0,1.0,9.0,29.0
2021-01,5.0,21.0,0.0,37.0,0.0,11.0,2.0,3.0,72.0,5.0,23.0,1.0,233.0,872.0,1.0,35.0,83.0,93.0,0.0,0.0,3.0,0.0,24.0,0.0,0.0,1.0,220.0,0.0,34.0,0.0,215.0,108.0,18.0,0.0,115.0,81.0,187.0,4.0,21.0,0.0,3.0,0.0,3.0,4.0,119.0,14.0,0.0,170.0,0.0,8.0,0.0,2.0,0.0,0.0,58.0,52.0,0.0,0.0,2.0,0.0,0.0,83.0,1.0,0.0,7.0,6.0,0.0,0.0,42.0,0.0,2.0,1.0,0.0,8.0,0.0,0.0,0.0,0.0,0.0,0.0,44.0,0.0,83.0,0.0,158.0,1.0,1.0,1.0,0.0,0.0,24.0,63.0,1.0,15.0,0.0,31.0,4.0,1088.0,0.0,8.0,3.0,0.0,0.0,19.0,3.0,2.0,11.0,7.0,24.0,10.0,1.0,11.0,7.0,1.0,16.0,1.0,0.0,1.0,20.0,16.0,0.0,2.0,228.0,479.0,44.0,96.0,3.0,1.0,19.0,0.0,0.0,1.0,0.0,55.0,7.0,357.0,0.0,38.0,56.0,0.0,0.0,0.0,2.0,1.0,1.0,0.0,0.0,41.0,0.0,2.0,0.0,16.0,40.0,248.0,63.0,79.0,1.0,0.0,3.0,0.0,0.0,0.0,0.0,0.0,5.0,0.0,91.0,2.0,0.0,36.0,1.0,37.0,0.0,18.0,63.0,54.0,47.0,63.0,4.0,1.0,0.0,4.0,59.0,5.0,12.0,0.0,19.0,0.0,0.0,8.0,10.0,85.0,3.0,74.0,0.0,102.0,26.0,42.0,0.0,0.0,3.0,1.0,7.0,12.0,29.0,76.0,0.0,0.0,0.0,21.0,0.0,7.0,0.0,8.0,4.0,1.0,0.0,3.0,67.0,5.0,33.0,4.0,69.0,0.0,5.0,449.0,0.0,7.0,0.0,59.0,26.0
2021-02,0.0,37.0,1.0,33.0,2.0,72.0,4.0,15.0,171.0,0.0,93.0,3.0,238.0,1057.0,0.0,106.0,53.0,43.0,1.0,0.0,0.0,0.0,2.0,9.0,0.0,1.0,96.0,0.0,93.0,0.0,375.0,272.0,3.0,2.0,73.0,14.0,64.0,14.0,39.0,4.0,0.0,0.0,0.0,24.0,770.0,45.0,0.0,149.0,0.0,4.0,0.0,0.0,1.0,1.0,98.0,60.0,0.0,0.0,35.0,0.0,0.0,241.0,0.0,0.0,29.0,0.0,0.0,1.0,82.0,0.0,2.0,0.0,0.0,12.0,0.0,1.0,7.0,0.0,0.0,0.0,13.0,4.0,20.0,0.0,97.0,3.0,2.0,9.0,0.0,0.0,21.0,89.0,0.0,41.0,4.0,494.0,3.0,684.0,0.0,2.0,1.0,1.0,0.0,16.0,4.0,0.0,21.0,4.0,69.0,12.0,0.0,8.0,19.0,0.0,0.0,0.0,0.0,0.0,17.0,6.0,2.0,0.0,128.0,578.0,136.0,40.0,3.0,0.0,75.0,0.0,0.0,1.0,0.0,2.0,1.0,697.0,19.0,78.0,58.0,0.0,0.0,1.0,7.0,0.0,0.0,10.0,3.0,37.0,0.0,1.0,0.0,103.0,29.0,272.0,59.0,42.0,0.0,0.0,9.0,0.0,0.0,0.0,1.0,1.0,6.0,2.0,152.0,0.0,0.0,56.0,0.0,179.0,1.0,4.0,39.0,49.0,16.0,137.0,15.0,0.0,0.0,0.0,35.0,63.0,31.0,1.0,18.0,0.0,0.0,3.0,4.0,39.0,22.0,75.0,0.0,104.0,35.0,29.0,0.0,0.0,0.0,0.0,14.0,12.0,72.0,56.0,0.0,0.0,0.0,5.0,0.0,13.0,0.0,45.0,1.0,0.0,0.0,1.0,0.0,4.0,32.0,8.0,1.0,0.0,37.0,417.0,0.0,22.0,2.0,146.0,2.0
2021-03,3.0,34.0,1.0,17.0,1.0,80.0,8.0,34.0,96.0,3.0,273.0,0.0,162.0,721.0,0.0,75.0,83.0,418.0,4.0,0.0,3.0,1.0,0.0,33.0,0.0,0.0,530.0,2.0,151.0,0.0,575.0,118.0,2.0,0.0,95.0,219.0,13.0,20.0,43.0,2.0,0.0,0.0,1.0,19.0,142.0,28.0,0.0,134.0,0.0,2.0,2.0,1.0,2.0,1.0,428.0,81.0,0.0,39.0,42.0,0.0,2.0,265.0,0.0,0.0,42.0,5.0,11.0,0.0,137.0,0.0,2.0,1.0,1.0,130.0,0.0,4.0,8.0,0.0,0.0,0.0,45.0,16.0,38.0,3.0,80.0,0.0,2.0,18.0,0.0,0.0,86.0,86.0,6.0,17.0,8.0,442.0,11.0,543.0,0.0,0.0,0.0,1.0,0.0,26.0,0.0,1.0,97.0,9.0,61.0,1.0,1.0,1.0,44.0,0.0,2.0,0.0,0.0,0.0,2.0,40.0,8.0,59.0,62.0,518.0,129.0,230.0,1.0,7.0,288.0,16.0,0.0,5.0,0.0,6.0,5.0,607.0,23.0,139.0,56.0,0.0,0.0,0.0,11.0,0.0,3.0,1.0,6.0,86.0,1.0,0.0,0.0,77.0,10.0,34.0,47.0,32.0,0.0,0.0,36.0,0.0,0.0,0.0,0.0,0.0,3.0,1.0,177.0,7.0,0.0,133.0,1.0,12.0,0.0,16.0,16.0,91.0,19.0,204.0,0.0,0.0,0.0,2.0,60.0,68.0,56.0,0.0,18.0,0.0,0.0,1.0,37.0,8.0,58.0,113.0,0.0,91.0,64.0,36.0,0.0,0.0,0.0,0.0,118.0,0.0,98.0,65.0,0.0,0.0,1.0,2.0,0.0,7.0,0.0,34.0,2.0,0.0,0.0,13.0,5.0,7.0,38.0,3.0,7.0,0.0,14.0,362.0,0.0,46.0,2.0,291.0,13.0
2021-04,7.0,24.0,0.0,18.0,0.0,67.0,6.0,24.0,63.0,6.0,85.0,0.0,433.0,343.0,0.0,59.0,57.0,182.0,9.0,0.0,4.0,0.0,4.0,3.0,0.0,0.0,180.0,5.0,107.0,0.0,420.0,129.0,3.0,0.0,46.0,426.0,6.0,31.0,40.0,4.0,0.0,0.0,1.0,36.0,10.0,54.0,0.0,110.0,2.0,1.0,0.0,0.0,0.0,0.0,19.0,15.0,0.0,5.0,0.0,0.0,0.0,258.0,0.0,0.0,113.0,3.0,7.0,0.0,184.0,0.0,1.0,0.0,1.0,22.0,4.0,17.0,0.0,0.0,1.0,0.0,25.0,1.0,130.0,1.0,64.0,1.0,0.0,21.0,0.0,0.0,12.0,110.0,11.0,7.0,4.0,30.0,1.0,473.0,0.0,8.0,1.0,4.0,0.0,15.0,1.0,5.0,16.0,2.0,19.0,17.0,0.0,5.0,32.0,9.0,13.0,4.0,0.0,3.0,6.0,15.0,0.0,4.0,96.0,631.0,193.0,150.0,1.0,0.0,13.0,6.0,0.0,3.0,0.0,36.0,6.0,136.0,30.0,138.0,171.0,0.0,0.0,0.0,9.0,0.0,0.0,11.0,2.0,220.0,1.0,1.0,6.0,228.0,3.0,55.0,25.0,60.0,2.0,0.0,5.0,0.0,2.0,0.0,0.0,0.0,2.0,2.0,85.0,7.0,4.0,124.0,1.0,0.0,0.0,7.0,10.0,229.0,16.0,110.0,8.0,0.0,0.0,1.0,45.0,199.0,8.0,0.0,10.0,5.0,0.0,1.0,5.0,23.0,50.0,100.0,1.0,84.0,15.0,56.0,1.0,0.0,0.0,1.0,100.0,3.0,69.0,85.0,0.0,2.0,3.0,2.0,0.0,7.0,0.0,0.0,0.0,0.0,0.0,24.0,11.0,0.0,7.0,2.0,4.0,0.0,0.0,119.0,0.0,21.0,0.0,31.0,1.0
2021-05,30.0,1.0,0.0,45.0,1.0,88.0,27.0,47.0,0.0,11.0,13.0,0.0,119.0,27.0,0.0,3.0,7.0,64.0,4.0,0.0,3.0,0.0,1.0,6.0,0.0,0.0,447.0,0.0,6.0,0.0,60.0,180.0,1.0,0.0,106.0,159.0,13.0,47.0,73.0,1.0,0.0,0.0,0.0,51.0,5.0,0.0,0.0,12.0,9.0,1.0,0.0,0.0,1.0,1.0,11.0,45.0,0.0,3.0,1.0,1.0,8.0,3.0,17.0,0.0,77.0,0.0,13.0,0.0,267.0,0.0,3.0,1.0,0.0,18.0,9.0,7.0,0.0,0.0,0.0,1.0,47.0,0.0,308.0,0.0,191.0,1.0,0.0,3.0,1.0,0.0,24.0,255.0,3.0,1.0,9.0,0.0,4.0,76.0,0.0,2.0,17.0,4.0,0.0,31.0,3.0,14.0,1.0,4.0,11.0,32.0,5.0,5.0,1.0,5.0,29.0,5.0,1.0,3.0,13.0,0.0,3.0,2.0,471.0,1149.0,215.0,382.0,8.0,0.0,6.0,0.0,0.0,1.0,0.0,36.0,3.0,62.0,12.0,137.0,69.0,0.0,0.0,0.0,4.0,0.0,0.0,3.0,0.0,56.0,0.0,0.0,3.0,280.0,3.0,190.0,3.0,169.0,6.0,0.0,15.0,0.0,12.0,0.0,2.0,0.0,4.0,1.0,3.0,0.0,2.0,150.0,3.0,3.0,0.0,15.0,7.0,290.0,91.0,3.0,0.0,0.0,10.0,3.0,17.0,181.0,1.0,0.0,27.0,1.0,8.0,4.0,2.0,25.0,87.0,468.0,0.0,249.0,4.0,118.0,0.0,0.0,0.0,10.0,70.0,0.0,140.0,851.0,0.0,3.0,5.0,15.0,0.0,5.0,7.0,0.0,12.0,0.0,0.0,5.0,44.0,1.0,1.0,5.0,0.0,0.0,0.0,65.0,0.0,2.0,0.0,11.0,14.0
2021-06,50.0,0.0,4.0,74.0,0.0,55.0,6.0,17.0,3.0,3.0,2.0,0.0,17.0,29.0,2.0,2.0,6.0,7.0,12.0,0.0,8.0,0.0,0.0,2.0,3.0,0.0,367.0,0.0,2.0,0.0,42.0,150.0,0.0,0.0,77.0,18.0,25.0,48.0,54.0,1.0,0.0,0.0,0.0,34.0,0.0,1.0,0.0,6.0,12.0,1.0,0.0,0.0,6.0,1.0,2.0,45.0,0.0,1.0,3.0,0.0,9.0,0.0,12.0,0.0,74.0,0.0,12.0,0.0,143.0,1.0,3.0,7.0,0.0,18.0,10.0,0.0,1.0,0.0,1.0,4.0,26.0,0.0,369.0,0.0,82.0,0.0,0.0,1.0,0.0,0.0,38.0,401.0,1.0,0.0,7.0,0.0,3.0,17.0,1.0,3.0,6.0,2.0,0.0,37.0,6.0,16.0,2.0,3.0,4.0,43.0,10.0,4.0,1.0,2.0,14.0,6.0,0.0,0.0,18.0,0.0,2.0,0.0,979.0,2185.0,257.0,519.0,7.0,0.0,7.0,0.0,0.0,1.0,0.0,9.0,6.0,24.0,1.0,50.0,10.0,0.0,0.0,0.0,0.0,0.0,0.0,3.0,0.0,24.0,0.0,0.0,9.0,106.0,11.0,424.0,19.0,473.0,1.0,0.0,38.0,1.0,9.0,0.0,0.0,0.0,9.0,1.0,2.0,0.0,16.0,174.0,9.0,0.0,0.0,25.0,14.0,46.0,131.0,11.0,1.0,0.0,1.0,0.0,15.0,26.0,2.0,0.0,26.0,0.0,5.0,16.0,2.0,44.0,76.0,1244.0,1.0,125.0,3.0,134.0,0.0,0.0,0.0,8.0,8.0,0.0,136.0,1149.0,0.0,3.0,2.0,49.0,0.0,7.0,1.0,0.0,45.0,1.0,0.0,2.0,24.0,1.0,2.0,2.0,1.0,0.0,0.0,65.0,0.0,0.0,0.0,11.0,6.0
2021-07,433.0,0.0,5.0,1173.0,0.0,544.0,97.0,252.0,18.0,19.0,74.0,3.0,11.0,13.0,9.0,5.0,7.0,3.0,12.0,0.0,12.0,0.0,1.0,1.0,13.0,0.0,732.0,0.0,3.0,0.0,63.0,209.0,1.0,0.0,257.0,22.0,35.0,189.0,194.0,4.0,16.0,0.0,0.0,175.0,2.0,4.0,0.0,6.0,27.0,0.0,2.0,0.0,24.0,2.0,56.0,523.0,0.0,1.0,1.0,5.0,34.0,1.0,5.0,0.0,845.0,0.0,79.0,0.0,838.0,0.0,3.0,43.0,1.0,109.0,38.0,0.0,0.0,0.0,0.0,2.0,85.0,4.0,1588.0,0.0,280.0,0.0,0.0,63.0,3.0,0.0,766.0,627.0,0.0,0.0,54.0,0.0,25.0,9.0,6.0,1.0,81.0,1.0,0.0,133.0,33.0,128.0,38.0,29.0,49.0,109.0,32.0,21.0,43.0,6.0,25.0,13.0,0.0,3.0,132.0,0.0,7.0,0.0,1507.0,1715.0,916.0,1302.0,56.0,0.0,16.0,0.0,2.0,12.0,0.0,24.0,105.0,32.0,1.0,358.0,17.0,0.0,2.0,1.0,0.0,0.0,0.0,17.0,1.0,78.0,0.0,0.0,9.0,598.0,1.0,1372.0,14.0,868.0,35.0,0.0,74.0,0.0,56.0,0.0,0.0,1.0,27.0,1.0,0.0,0.0,10.0,1087.0,26.0,0.0,0.0,129.0,7.0,504.0,836.0,5.0,1.0,0.0,3.0,2.0,51.0,481.0,0.0,0.0,147.0,2.0,7.0,44.0,15.0,175.0,462.0,2266.0,2.0,1163.0,7.0,813.0,0.0,0.0,0.0,8.0,15.0,0.0,808.0,1794.0,0.0,5.0,4.0,14.0,0.0,6.0,1.0,13.0,321.0,10.0,0.0,2.0,183.0,6.0,1.0,0.0,14.0,0.0,0.0,59.0,0.0,4.0,1.0,13.0,124.0
2021-08,3185.0,2.0,19.0,8588.0,0.0,620.0,203.0,1409.0,31.0,22.0,28.0,3.0,12.0,30.0,16.0,2.0,9.0,12.0,17.0,0.0,2.0,2.0,1.0,0.0,43.0,1.0,1470.0,0.0,5.0,0.0,69.0,170.0,0.0,0.0,436.0,48.0,258.0,383.0,436.0,16.0,8.0,0.0,3.0,697.0,16.0,3.0,0.0,35.0,56.0,3.0,4.0,0.0,49.0,4.0,24.0,1136.0,1.0,1.0,3.0,33.0,89.0,1.0,4.0,0.0,1804.0,2.0,156.0,0.0,1188.0,3.0,12.0,116.0,0.0,113.0,50.0,0.0,2.0,0.0,0.0,0.0,92.0,2.0,2118.0,1.0,627.0,1.0,1.0,57.0,6.0,2.0,1943.0,1056.0,1.0,0.0,78.0,4.0,32.0,17.0,13.0,7.0,272.0,1.0,2.0,199.0,44.0,459.0,21.0,65.0,96.0,240.0,25.0,23.0,20.0,1.0,32.0,11.0,0.0,5.0,428.0,0.0,3.0,0.0,3322.0,6617.0,2646.0,1941.0,345.0,0.0,16.0,1.0,10.0,4.0,0.0,45.0,109.0,60.0,2.0,638.0,35.0,0.0,2.0,1.0,1.0,0.0,5.0,11.0,0.0,42.0,0.0,2.0,6.0,1195.0,25.0,7853.0,41.0,2350.0,101.0,0.0,140.0,0.0,136.0,0.0,12.0,1.0,9.0,0.0,2.0,0.0,23.0,1431.0,45.0,14.0,0.0,165.0,21.0,600.0,4319.0,19.0,5.0,0.0,6.0,1.0,144.0,843.0,0.0,0.0,338.0,5.0,4.0,102.0,47.0,735.0,1127.0,4032.0,1.0,1763.0,9.0,1264.0,2.0,0.0,0.0,8.0,5.0,0.0,2277.0,2757.0,0.0,9.0,5.0,32.0,0.0,7.0,3.0,34.0,510.0,0.0,0.0,2.0,857.0,0.0,9.0,3.0,1.0,0.0,1.0,106.0,0.0,1.0,1.0,12.0,175.0
2021-09,3982.0,8.0,137.0,2799.0,1.0,504.0,45.0,181.0,23.0,13.0,35.0,0.0,100.0,35.0,11.0,5.0,9.0,30.0,19.0,2.0,4.0,0.0,2.0,4.0,5.0,1.0,6491.0,2.0,4.0,0.0,186.0,183.0,1.0,1.0,111.0,39.0,411.0,138.0,134.0,18.0,2.0,0.0,0.0,274.0,13.0,8.0,2.0,25.0,34.0,0.0,7.0,1.0,20.0,0.0,2.0,647.0,0.0,0.0,1.0,51.0,350.0,1.0,0.0,0.0,210.0,31.0,28.0,0.0,372.0,0.0,7.0,129.0,13.0,76.0,141.0,3.0,2.0,0.0,1.0,0.0,123.0,14.0,3027.0,1.0,165.0,0.0,4.0,19.0,0.0,0.0,757.0,2634.0,0.0,0.0,25.0,15.0,103.0,32.0,0.0,6.0,557.0,2.0,0.0,60.0,23.0,258.0,0.0,24.0,47.0,438.0,26.0,15.0,8.0,0.0,36.0,4.0,0.0,5.0,318.0,0.0,17.0,2.0,2469.0,5602.0,2739.0,5638.0,727.0,0.0,2.0,16.0,0.0,21.0,4.0,30.0,88.0,129.0,4.0,285.0,79.0,0.0,7.0,1.0,0.0,1.0,2.0,13.0,2.0,29.0,1.0,2.0,11.0,725.0,105.0,3828.0,156.0,5106.0,397.0,3.0,58.0,1.0,122.0,0.0,2.0,0.0,4.0,14.0,10.0,1.0,18.0,946.0,48.0,8.0,2.0,105.0,38.0,183.0,2636.0,54.0,0.0,0.0,0.0,0.0,82.0,271.0,0.0,3.0,261.0,0.0,1.0,36.0,53.0,349.0,252.0,6101.0,4.0,802.0,10.0,882.0,1.0,0.0,10.0,3.0,10.0,2.0,1663.0,1785.0,2.0,1.0,6.0,25.0,0.0,28.0,0.0,2.0,211.0,0.0,0.0,5.0,950.0,9.0,27.0,11.0,3.0,0.0,2.0,132.0,0.0,4.0,1.0,5.0,60.0
2021-10,1118.0,15.0,401.0,1773.0,0.0,458.0,5.0,31.0,21.0,1.0,2.0,2.0,73.0,72.0,9.0,4.0,24.0,35.0,22.0,0.0,2.0,0.0,13.0,0.0,26.0,0.0,3630.0,0.0,4.0,1.0,147.0,349.0,0.0,28.0,73.0,45.0,905.0,24.0,27.0,8.0,4.0,0.0,2.0,17.0,10.0,2.0,0.0,28.0,114.0,0.0,19.0,1.0,2.0,1.0,7.0,290.0,0.0,2.0,5.0,207.0,415.0,3.0,0.0,7.0,87.0,5.0,6.0,0.0,249.0,0.0,1.0,38.0,7.0,376.0,7.0,1.0,2.0,0.0,0.0,0.0,38.0,13.0,3529.0,4.0,187.0,1.0,6.0,11.0,0.0,0.0,197.0,576.0,2.0,1.0,8.0,5.0,69.0,56.0,8.0,13.0,164.0,1.0,0.0,11.0,70.0,75.0,1.0,6.0,11.0,674.0,129.0,5.0,7.0,0.0,3.0,2.0,0.0,6.0,164.0,2.0,33.0,3.0,3069.0,2358.0,1695.0,1627.0,255.0,0.0,0.0,16.0,1.0,34.0,16.0,25.0,49.0,117.0,4.0,39.0,100.0,0.0,6.0,0.0,0.0,2.0,2.0,7.0,12.0,32.0,0.0,11.0,17.0,55.0,250.0,4291.0,367.0,2652.0,266.0,2.0,19.0,1.0,56.0,0.0,0.0,0.0,12.0,4.0,52.0,20.0,23.0,575.0,23.0,19.0,0.0,5.0,122.0,167.0,1763.0,125.0,2.0,0.0,0.0,5.0,53.0,20.0,5.0,34.0,555.0,2.0,1.0,38.0,225.0,73.0,65.0,3508.0,6.0,429.0,3.0,923.0,0.0,0.0,50.0,0.0,6.0,6.0,95.0,1213.0,0.0,3.0,4.0,97.0,0.0,7.0,3.0,0.0,155.0,1.0,0.0,4.0,383.0,10.0,58.0,2.0,10.0,0.0,5.0,176.0,0.0,5.0,0.0,4.0,44.0
2021-11,14.0,20.0,103.0,248.0,0.0,224.0,5.0,35.0,36.0,6.0,11.0,2.0,199.0,300.0,10.0,13.0,53.0,40.0,20.0,0.0,2.0,0.0,10.0,0.0,23.0,0.0,135.0,1.0,7.0,0.0,256.0,199.0,1.0,9.0,50.0,28.0,1680.0,23.0,37.0,4.0,0.0,0.0,1.0,25.0,32.0,1.0,0.0,87.0,5.0,3.0,12.0,0.0,1.0,0.0,5.0,37.0,0.0,1.0,0.0,48.0,28.0,29.0,3.0,0.0,39.0,9.0,3.0,0.0,52.0,0.0,2.0,5.0,1.0,25.0,0.0,4.0,0.0,0.0,0.0,2.0,9.0,14.0,367.0,13.0,76.0,1.0,0.0,5.0,0.0,0.0,69.0,71.0,3.0,4.0,1.0,8.0,76.0,363.0,15.0,9.0,2.0,2.0,0.0,22.0,7.0,34.0,4.0,4.0,4.0,101.0,51.0,5.0,4.0,0.0,3.0,14.0,0.0,50.0,24.0,9.0,59.0,2.0,2502.0,443.0,205.0,140.0,9.0,0.0,1.0,1.0,4.0,142.0,1.0,10.0,25.0,266.0,1.0,33.0,58.0,0.0,0.0,1.0,0.0,0.0,0.0,7.0,6.0,18.0,1.0,1.0,11.0,210.0,319.0,3659.0,278.0,682.0,1.0,2.0,26.0,0.0,0.0,1.0,1.0,0.0,28.0,0.0,151.0,6.0,10.0,189.0,3.0,6.0,0.0,11.0,136.0,145.0,125.0,174.0,9.0,0.0,0.0,0.0,14.0,108.0,7.0,4.0,53.0,0.0,0.0,11.0,19.0,29.0,39.0,448.0,22.0,115.0,0.0,87.0,0.0,0.0,34.0,2.0,8.0,3.0,41.0,131.0,0.0,0.0,2.0,39.0,0.0,4.0,1.0,3.0,2.0,14.0,0.0,0.0,42.0,6.0,82.0,8.0,1.0,1.0,0.0,322.0,1.0,2.0,0.0,8.0,17.0
2021-12,1.0,11.0,5.0,43.0,1.0,127.0,14.0,40.0,53.0,5.0,6.0,0.0,141.0,435.0,1.0,41.0,54.0,171.0,5.0,0.0,1.0,0.0,5.0,0.0,2.0,0.0,61.0,0.0,18.0,0.0,156.0,180.0,4.0,0.0,100.0,76.0,782.0,37.0,26.0,11.0,0.0,0.0,3.0,57.0,89.0,23.0,0.0,97.0,1.0,1.0,0.0,0.0,6.0,1.0,15.0,67.0,0.0,0.0,12.0,1.0,5.0,73.0,7.0,0.0,53.0,0.0,22.0,0.0,272.0,0.0,1.0,3.0,0.0,14.0,0.0,0.0,0.0,0.0,1.0,0.0,2.0,0.0,52.0,12.0,206.0,2.0,0.0,0.0,2.0,2.0,1154.0,52.0,0.0,0.0,8.0,12.0,39.0,541.0,4.0,3.0,1.0,9.0,1.0,35.0,20.0,4.0,9.0,13.0,11.0,4.0,10.0,8.0,9.0,2.0,22.0,2.0,0.0,44.0,21.0,16.0,56.0,3.0,1244.0,245.0,202.0,45.0,11.0,0.0,5.0,0.0,1.0,119.0,0.0,0.0,7.0,313.0,2.0,75.0,44.0,1.0,0.0,1.0,0.0,1.0,0.0,77.0,0.0,1.0,0.0,2.0,1.0,105.0,111.0,650.0,120.0,232.0,1.0,0.0,33.0,0.0,2.0,0.0,0.0,0.0,10.0,0.0,115.0,2.0,0.0,715.0,2.0,16.0,0.0,2.0,90.0,87.0,31.0,84.0,10.0,0.0,0.0,0.0,113.0,86.0,10.0,0.0,47.0,0.0,3.0,9.0,7.0,62.0,99.0,153.0,19.0,362.0,7.0,98.0,0.0,0.0,1.0,0.0,1.0,3.0,41.0,45.0,0.0,8.0,0.0,15.0,4.0,5.0,1.0,0.0,0.0,7.0,0.0,1.0,8.0,3.0,18.0,2.0,9.0,0.0,0.0,300.0,0.0,1.0,0.0,26.0,74.0
2022-01,24.0,19.0,8.0,157.0,0.0,110.0,29.0,41.0,304.0,5.0,30.0,2.0,741.0,1287.0,0.0,82.0,134.0,23.0,1.0,0.0,1.0,1.0,28.0,3.0,1.0,0.0,149.0,1.0,90.0,0.0,824.0,78.0,13.0,0.0,211.0,9.0,37.0,152.0,315.0,13.0,3.0,0.0,7.0,124.0,1879.0,42.0,0.0,283.0,19.0,11.0,0.0,0.0,64.0,0.0,33.0,418.0,1.0,1.0,124.0,5.0,2.0,190.0,2.0,0.0,14.0,5.0,87.0,1.0,1786.0,3.0,11.0,1.0,1.0,56.0,0.0,6.0,0.0,0.0,2.0,0.0,11.0,1.0,82.0,2.0,275.0,0.0,1.0,4.0,0.0,0.0,2905.0,69.0,149.0,43.0,14.0,719.0,17.0,933.0,0.0,6.0,6.0,3.0,1.0,173.0,7.0,4.0,18.0,9.0,79.0,11.0,18.0,4.0,19.0,2.0,22.0,1.0,0.0,2.0,77.0,7.0,7.0,0.0,185.0,556.0,205.0,110.0,3.0,1.0,39.0,0.0,1.0,10.0,0.0,19.0,17.0,1450.0,26.0,360.0,132.0,3.0,0.0,1.0,6.0,1.0,0.0,2.0,1.0,40.0,0.0,9.0,0.0,55.0,19.0,202.0,47.0,70.0,0.0,0.0,317.0,0.0,0.0,0.0,3.0,0.0,4.0,0.0,223.0,6.0,4.0,1237.0,1.0,234.0,0.0,16.0,15.0,174.0,80.0,371.0,3.0,1.0,6.0,1.0,56.0,42.0,5.0,0.0,162.0,0.0,2.0,6.0,130.0,136.0,254.0,150.0,0.0,680.0,22.0,146.0,0.0,0.0,3.0,0.0,8.0,11.0,76.0,57.0,0.0,2.0,0.0,22.0,0.0,6.0,0.0,19.0,9.0,2.0,0.0,8.0,65.0,2.0,80.0,3.0,7.0,0.0,72.0,900.0,1.0,29.0,2.0,109.0,627.0
2022-02,3.0,29.0,1.0,18.0,0.0,95.0,32.0,19.0,195.0,4.0,116.0,4.0,518.0,1374.0,0.0,108.0,79.0,434.0,0.0,0.0,2.0,0.0,8.0,17.0,1.0,0.0,137.0,2.0,304.0,0.0,579.0,85.0,7.0,0.0,71.0,104.0,21.0,71.0,104.0,6.0,4.0,0.0,0.0,57.0,1047.0,80.0,0.0,199.0,0.0,2.0,0.0,1.0,64.0,0.0,128.0,242.0,0.0,10.0,0.0,4.0,1.0,347.0,0.0,0.0,37.0,4.0,94.0,1.0,2702.0,0.0,6.0,0.0,7.0,24.0,0.0,3.0,1.0,0.0,1.0,0.0,5.0,2.0,42.0,2.0,94.0,2.0,2.0,16.0,0.0,0.0,587.0,96.0,101.0,32.0,14.0,999.0,2.0,562.0,1.0,6.0,1.0,0.0,0.0,180.0,3.0,1.0,45.0,2.0,43.0,5.0,1.0,3.0,68.0,0.0,2.0,0.0,0.0,1.0,15.0,12.0,1.0,4.0,92.0,472.0,182.0,66.0,3.0,15.0,88.0,0.0,0.0,1.0,0.0,31.0,4.0,1456.0,33.0,386.0,288.0,0.0,1.0,1.0,4.0,4.0,1.0,1.0,0.0,23.0,0.0,1.0,0.0,92.0,3.0,70.0,29.0,34.0,1.0,0.0,228.0,0.0,0.0,0.0,0.0,0.0,4.0,4.0,416.0,9.0,0.0,284.0,0.0,240.0,0.0,4.0,3.0,135.0,17.0,148.0,4.0,0.0,2.0,2.0,9.0,80.0,12.0,0.0,6.0,1.0,1.0,2.0,10.0,35.0,111.0,85.0,0.0,477.0,34.0,76.0,0.0,0.0,0.0,1.0,41.0,3.0,120.0,62.0,1.0,0.0,2.0,8.0,0.0,8.0,0.0,39.0,4.0,0.0,0.0,12.0,2.0,3.0,37.0,8.0,3.0,0.0,31.0,400.0,0.0,69.0,0.0,337.0,409.0
2022-03,0.0,24.0,1.0,15.0,0.0,86.0,4.0,10.0,64.0,5.0,148.0,1.0,237.0,1444.0,0.0,116.0,68.0,374.0,1.0,0.0,0.0,0.0,0.0,12.0,0.0,0.0,233.0,1.0,429.0,0.0,379.0,135.0,2.0,0.0,36.0,96.0,8.0,9.0,65.0,1.0,0.0,0.0,0.0,13.0,71.0,91.0,0.0,85.0,1.0,4.0,1.0,0.0,5.0,0.0,132.0,52.0,0.0,32.0,0.0,5.0,4.0,400.0,0.0,0.0,23.0,2.0,19.0,0.0,194.0,0.0,1.0,1.0,0.0,116.0,6.0,10.0,3.0,0.0,0.0,0.0,25.0,10.0,44.0,1.0,16.0,3.0,0.0,48.0,0.0,2.0,208.0,120.0,67.0,3.0,5.0,64.0,7.0,523.0,0.0,0.0,0.0,6.0,0.0,72.0,0.0,0.0,126.0,6.0,58.0,4.0,0.0,4.0,145.0,0.0,2.0,2.0,0.0,0.0,0.0,12.0,3.0,11.0,44.0,543.0,106.0,190.0,3.0,0.0,152.0,12.0,0.0,11.0,0.0,40.0,2.0,233.0,61.0,185.0,106.0,0.0,0.0,0.0,6.0,0.0,1.0,4.0,6.0,58.0,0.0,1.0,0.0,39.0,3.0,34.0,10.0,17.0,0.0,0.0,97.0,0.0,0.0,0.0,1.0,0.0,0.0,0.0,429.0,2.0,0.0,203.0,0.0,1.0,0.0,30.0,3.0,71.0,17.0,81.0,3.0,1.0,6.0,1.0,13.0,30.0,27.0,0.0,5.0,1.0,1.0,1.0,7.0,7.0,48.0,124.0,0.0,82.0,12.0,24.0,2.0,0.0,0.0,2.0,69.0,1.0,64.0,49.0,0.0,0.0,0.0,10.0,0.0,6.0,1.0,20.0,0.0,0.0,0.0,15.0,1.0,4.0,10.0,2.0,4.0,0.0,0.0,165.0,0.0,118.0,0.0,110.0,204.0
2022-04,6.0,3.0,2.0,15.0,0.0,45.0,2.0,6.0,4.0,7.0,9.0,0.0,143.0,93.0,0.0,12.0,27.0,12.0,2.0,0.0,1.0,0.0,2.0,0.0,0.0,0.0,108.0,2.0,50.0,0.0,90.0,38.0,0.0,1.0,40.0,90.0,1.0,6.0,10.0,0.0,0.0,0.0,0.0,9.0,7.0,2.0,0.0,24.0,4.0,0.0,0.0,0.0,0.0,0.0,4.0,22.0,0.0,5.0,0.0,0.0,2.0,10.0,0.0,0.0,10.0,0.0,2.0,0.0,30.0,0.0,0.0,0.0,0.0,21.0,4.0,5.0,1.0,0.0,0.0,0.0,21.0,3.0,123.0,0.0,30.0,1.0,0.0,0.0,0.0,0.0,22.0,124.0,2.0,1.0,0.0,1.0,5.0,172.0,0.0,0.0,5.0,2.0,0.0,7.0,2.0,1.0,1.0,6.0,21.0,16.0,6.0,3.0,3.0,2.0,0.0,2.0,0.0,0.0,4.0,0.0,3.0,0.0,66.0,526.0,100.0,143.0,2.0,0.0,3.0,0.0,0.0,1.0,0.0,8.0,6.0,10.0,22.0,81.0,117.0,0.0,0.0,0.0,0.0,0.0,0.0,1.0,2.0,3.0,1.0,2.0,0.0,61.0,0.0,37.0,5.0,35.0,1.0,0.0,4.0,0.0,2.0,0.0,1.0,0.0,0.0,0.0,13.0,0.0,1.0,81.0,0.0,4.0,0.0,12.0,1.0,56.0,24.0,7.0,1.0,0.0,3.0,4.0,6.0,76.0,2.0,0.0,1.0,1.0,0.0,7.0,5.0,4.0,18.0,226.0,0.0,53.0,1.0,32.0,1.0,0.0,0.0,1.0,42.0,0.0,47.0,134.0,0.0,2.0,0.0,6.0,0.0,0.0,7.0,0.0,2.0,0.0,0.0,1.0,3.0,2.0,3.0,4.0,1.0,0.0,0.0,23.0,0.0,1.0,0.0,2.0,4.0
2022-05,33.0,3.0,1.0,81.0,0.0,107.0,2.0,2.0,4.0,12.0,9.0,0.0,183.0,70.0,3.0,6.0,11.0,105.0,11.0,0.0,3.0,0.0,4.0,1.0,4.0,0.0,396.0,0.0,29.0,0.0,77.0,190.0,0.0,0.0,93.0,406.0,3.0,9.0,9.0,1.0,0.0,0.0,0.0,31.0,0.0,3.0,0.0,18.0,2.0,1.0,0.0,0.0,0.0,2.0,4.0,61.0,0.0,1.0,1.0,3.0,4.0,28.0,31.0,0.0,12.0,0.0,0.0,0.0,142.0,0.0,1.0,5.0,0.0,35.0,14.0,2.0,5.0,0.0,0.0,0.0,26.0,0.0,522.0,0.0,75.0,2.0,0.0,1.0,0.0,2.0,15.0,415.0,0.0,1.0,0.0,1.0,5.0,196.0,0.0,3.0,8.0,4.0,0.0,13.0,5.0,6.0,2.0,41.0,42.0,31.0,6.0,10.0,13.0,3.0,7.0,6.0,3.0,1.0,14.0,5.0,1.0,3.0,454.0,2533.0,333.0,319.0,8.0,0.0,1.0,0.0,2.0,0.0,0.0,87.0,34.0,27.0,21.0,51.0,124.0,0.0,0.0,1.0,2.0,0.0,0.0,7.0,0.0,26.0,0.0,1.0,0.0,123.0,0.0,225.0,13.0,178.0,6.0,0.0,7.0,0.0,4.0,0.0,1.0,1.0,2.0,0.0,10.0,0.0,1.0,119.0,11.0,0.0,0.0,20.0,2.0,36.0,136.0,11.0,0.0,0.0,7.0,0.0,22.0,87.0,14.0,0.0,24.0,0.0,5.0,19.0,19.0,13.0,37.0,767.0,3.0,176.0,2.0,127.0,1.0,0.0,0.0,11.0,129.0,0.0,139.0,1103.0,1.0,0.0,6.0,1.0,0.0,1.0,1.0,2.0,23.0,0.0,0.0,0.0,18.0,0.0,3.0,2.0,2.0,0.0,0.0,74.0,0.0,3.0,0.0,8.0,1.0
2022-06,71.0,0.0,1.0,82.0,0.0,63.0,4.0,18.0,7.0,5.0,2.0,2.0,14.0,13.0,1.0,1.0,3.0,6.0,9.0,1.0,1.0,0.0,1.0,1.0,14.0,0.0,632.0,0.0,2.0,0.0,10.0,127.0,1.0,0.0,188.0,56.0,15.0,28.0,8.0,9.0,1.0,0.0,0.0,24.0,1.0,1.0,0.0,11.0,6.0,1.0,0.0,0.0,0.0,1.0,0.0,71.0,0.0,2.0,2.0,10.0,43.0,0.0,35.0,0.0,12.0,0.0,5.0,0.0,123.0,1.0,0.0,28.0,0.0,75.0,17.0,1.0,0.0,0.0,0.0,0.0,53.0,0.0,900.0,0.0,212.0,1.0,0.0,3.0,0.0,1.0,43.0,394.0,0.0,0.0,2.0,1.0,14.0,6.0,5.0,2.0,44.0,6.0,0.0,2.0,23.0,32.0,0.0,27.0,42.0,91.0,5.0,41.0,3.0,3.0,2.0,10.0,0.0,3.0,14.0,0.0,2.0,0.0,917.0,2210.0,191.0,665.0,30.0,0.0,1.0,0.0,0.0,0.0,0.0,24.0,44.0,53.0,2.0,30.0,8.0,0.0,0.0,0.0,1.0,0.0,0.0,5.0,0.0,12.0,0.0,0.0,7.0,110.0,4.0,556.0,5.0,256.0,6.0,0.0,5.0,0.0,26.0,0.0,0.0,0.0,7.0,0.0,0.0,0.0,15.0,55.0,33.0,0.0,0.0,45.0,2.0,33.0,106.0,9.0,1.0,0.0,3.0,2.0,21.0,40.0,2.0,0.0,39.0,0.0,13.0,18.0,15.0,84.0,30.0,2012.0,0.0,376.0,1.0,160.0,0.0,0.0,2.0,11.0,7.0,0.0,90.0,1370.0,2.0,3.0,2.0,30.0,0.0,1.0,0.0,1.0,67.0,3.0,2.0,2.0,79.0,2.0,3.0,6.0,0.0,0.0,0.0,55.0,0.0,0.0,0.0,6.0,0.0
2022-07,313.0,1.0,5.0,1428.0,0.0,277.0,21.0,48.0,5.0,22.0,5.0,1.0,11.0,16.0,13.0,1.0,1.0,0.0,2.0,0.0,4.0,0.0,0.0,0.0,29.0,0.0,530.0,0.0,0.0,0.0,41.0,129.0,1.0,0.0,173.0,0.0,37.0,68.0,46.0,9.0,0.0,0.0,0.0,83.0,5.0,1.0,0.0,12.0,53.0,7.0,1.0,0.0,0.0,0.0,18.0,160.0,0.0,3.0,0.0,9.0,96.0,1.0,3.0,0.0,194.0,0.0,6.0,0.0,123.0,0.0,3.0,52.0,0.0,95.0,60.0,0.0,0.0,0.0,1.0,0.0,57.0,0.0,1762.0,0.0,247.0,0.0,0.0,55.0,0.0,0.0,209.0,553.0,0.0,0.0,8.0,0.0,33.0,5.0,10.0,6.0,96.0,3.0,0.0,26.0,31.0,99.0,42.0,12.0,27.0,177.0,22.0,14.0,38.0,2.0,0.0,4.0,0.0,2.0,94.0,0.0,1.0,0.0,2170.0,1919.0,443.0,990.0,50.0,0.0,6.0,0.0,0.0,1.0,0.0,2.0,82.0,53.0,0.0,203.0,18.0,0.0,0.0,0.0,0.0,2.0,0.0,3.0,0.0,12.0,0.0,1.0,5.0,311.0,3.0,1681.0,11.0,561.0,34.0,0.0,21.0,0.0,47.0,0.0,3.0,0.0,26.0,0.0,0.0,1.0,14.0,284.0,47.0,1.0,0.0,180.0,1.0,106.0,555.0,12.0,0.0,0.0,0.0,0.0,34.0,230.0,0.0,0.0,114.0,0.0,2.0,51.0,75.0,184.0,176.0,1401.0,5.0,701.0,1.0,415.0,0.0,0.0,0.0,1.0,2.0,1.0,345.0,1710.0,0.0,0.0,1.0,3.0,0.0,4.0,0.0,13.0,189.0,1.0,0.0,1.0,203.0,0.0,1.0,1.0,1.0,0.0,0.0,67.0,0.0,0.0,0.0,18.0,11.0
2022-08,2638.0,0.0,37.0,8116.0,0.0,217.0,33.0,48.0,35.0,21.0,22.0,1.0,17.0,38.0,36.0,2.0,16.0,5.0,10.0,2.0,5.0,0.0,4.0,1.0,107.0,0.0,947.0,0.0,5.0,0.0,89.0,177.0,4.0,0.0,364.0,17.0,140.0,114.0,141.0,28.0,4.0,0.0,0.0,97.0,28.0,7.0,0.0,44.0,66.0,9.0,2.0,2.0,33.0,3.0,39.0,722.0,1.0,1.0,3.0,17.0,159.0,0.0,13.0,0.0,185.0,1.0,22.0,0.0,297.0,1.0,15.0,175.0,2.0,141.0,55.0,0.0,0.0,0.0,0.0,7.0,85.0,2.0,2600.0,0.0,922.0,0.0,0.0,41.0,0.0,8.0,890.0,975.0,0.0,1.0,20.0,3.0,26.0,9.0,29.0,3.0,336.0,6.0,0.0,72.0,30.0,247.0,70.0,31.0,291.0,288.0,27.0,16.0,43.0,2.0,2.0,11.0,0.0,4.0,424.0,0.0,7.0,0.0,3473.0,7699.0,230.0,1120.0,250.0,0.0,4.0,9.0,3.0,6.0,2.0,7.0,189.0,162.0,0.0,375.0,21.0,0.0,6.0,1.0,1.0,3.0,0.0,12.0,0.0,34.0,0.0,1.0,17.0,509.0,24.0,12472.0,35.0,1659.0,61.0,0.0,28.0,0.0,127.0,0.0,7.0,1.0,10.0,2.0,6.0,0.0,27.0,436.0,57.0,21.0,2.0,181.0,13.0,508.0,3512.0,40.0,2.0,0.0,10.0,6.0,103.0,425.0,1.0,0.0,341.0,2.0,13.0,37.0,56.0,757.0,207.0,1045.0,1.0,1395.0,7.0,1014.0,0.0,0.0,7.0,10.0,12.0,4.0,315.0,2298.0,3.0,3.0,4.0,19.0,0.0,36.0,1.0,45.0,467.0,0.0,0.0,3.0,737.0,7.0,5.0,8.0,0.0,0.0,5.0,169.0,0.0,0.0,1.0,37.0,49.0
2022-09,6693.0,12.0,199.0,8659.0,0.0,285.0,11.0,27.0,78.0,16.0,6.0,1.0,28.0,31.0,60.0,1.0,12.0,14.0,15.0,3.0,8.0,0.0,2.0,1.0,46.0,4.0,2770.0,1.0,2.0,0.0,101.0,215.0,1.0,5.0,235.0,62.0,209.0,70.0,67.0,49.0,1.0,0.0,2.0,45.0,42.0,6.0,0.0,18.0,84.0,26.0,22.0,2.0,14.0,4.0,0.0,888.0,2.0,0.0,3.0,78.0,383.0,5.0,12.0,0.0,69.0,5.0,35.0,2.0,278.0,2.0,5.0,185.0,10.0,367.0,85.0,1.0,10.0,0.0,1.0,2.0,87.0,17.0,8699.0,4.0,511.0,1.0,1.0,13.0,1.0,3.0,1224.0,1151.0,0.0,0.0,16.0,12.0,47.0,29.0,19.0,21.0,1023.0,1.0,2.0,46.0,116.0,263.0,2.0,28.0,252.0,341.0,80.0,6.0,11.0,13.0,7.0,21.0,0.0,4.0,477.0,1.0,8.0,0.0,4166.0,8876.0,245.0,2518.0,795.0,0.0,0.0,6.0,8.0,19.0,16.0,39.0,149.0,88.0,5.0,148.0,42.0,2.0,5.0,4.0,0.0,3.0,3.0,16.0,9.0,8.0,1.0,22.0,29.0,85.0,46.0,12696.0,171.0,2731.0,397.0,9.0,31.0,0.0,261.0,1.0,0.0,3.0,6.0,3.0,26.0,3.0,47.0,464.0,98.0,84.0,0.0,219.0,46.0,119.0,5354.0,92.0,4.0,0.0,10.0,24.0,127.0,69.0,4.0,26.0,812.0,1.0,20.0,64.0,181.0,608.0,128.0,5902.0,7.0,1351.0,8.0,1019.0,3.0,0.0,17.0,2.0,5.0,14.0,258.0,2753.0,3.0,6.0,3.0,29.0,0.0,14.0,14.0,1.0,390.0,0.0,1.0,4.0,1776.0,7.0,22.0,8.0,3.0,2.0,11.0,117.0,0.0,2.0,3.0,12.0,75.0
2022-10,1127.0,17.0,612.0,1503.0,1.0,293.0,7.0,31.0,40.0,37.0,7.0,5.0,41.0,77.0,190.0,0.0,12.0,31.0,19.0,3.0,1.0,1.0,2.0,0.0,78.0,0.0,3675.0,0.0,6.0,2.0,91.0,216.0,1.0,18.0,182.0,25.0,793.0,33.0,15.0,28.0,4.0,0.0,2.0,43.0,13.0,4.0,0.0,16.0,23.0,3.0,31.0,3.0,6.0,5.0,3.0,524.0,3.0,1.0,4.0,328.0,297.0,9.0,7.0,0.0,44.0,3.0,7.0,1.0,69.0,0.0,2.0,179.0,12.0,137.0,10.0,1.0,0.0,0.0,0.0,4.0,93.0,11.0,1094.0,1.0,271.0,25.0,2.0,1.0,1.0,7.0,449.0,752.0,0.0,2.0,1.0,1.0,95.0,66.0,50.0,10.0,159.0,5.0,0.0,12.0,27.0,142.0,1.0,15.0,31.0,404.0,26.0,3.0,9.0,7.0,18.0,19.0,0.0,8.0,157.0,3.0,26.0,3.0,4495.0,1548.0,51.0,1481.0,48.0,0.0,0.0,12.0,7.0,78.0,7.0,32.0,49.0,100.0,3.0,49.0,25.0,3.0,10.0,2.0,1.0,2.0,0.0,0.0,10.0,11.0,0.0,17.0,24.0,158.0,131.0,7469.0,407.0,4071.0,140.0,10.0,9.0,0.0,66.0,1.0,0.0,0.0,9.0,2.0,120.0,8.0,45.0,288.0,131.0,29.0,0.0,33.0,129.0,160.0,822.0,117.0,2.0,3.0,2.0,17.0,21.0,81.0,6.0,22.0,633.0,3.0,15.0,52.0,134.0,103.0,63.0,1834.0,14.0,598.0,10.0,766.0,3.0,0.0,36.0,1.0,4.0,15.0,62.0,2327.0,1.0,6.0,7.0,141.0,0.0,8.0,2.0,7.0,123.0,0.0,0.0,7.0,242.0,17.0,28.0,6.0,3.0,0.0,6.0,177.0,0.0,2.0,2.0,10.0,12.0
2022-11,923.0,10.0,117.0,961.0,0.0,435.0,1.0,28.0,56.0,39.0,5.0,2.0,62.0,186.0,124.0,4.0,23.0,9.0,18.0,0.0,1.0,0.0,16.0,0.0,53.0,4.0,119.0,0.0,5.0,3.0,97.0,551.0,0.0,3.0,147.0,19.0,1427.0,31.0,21.0,60.0,0.0,0.0,0.0,57.0,14.0,1.0,0.0,41.0,52.0,4.0,3.0,5.0,2.0,2.0,3.0,299.0,3.0,1.0,4.0,261.0,379.0,3.0,2.0,0.0,31.0,1.0,6.0,1.0,62.0,0.0,0.0,94.0,0.0,156.0,0.0,0.0,0.0,0.0,0.0,0.0,5.0,5.0,1558.0,26.0,159.0,28.0,0.0,0.0,1.0,0.0,252.0,119.0,0.0,3.0,4.0,5.0,396.0,139.0,42.0,7.0,79.0,0.0,1.0,18.0,118.0,57.0,0.0,29.0,38.0,494.0,110.0,16.0,0.0,7.0,12.0,27.0,0.0,71.0,130.0,6.0,409.0,4.0,2621.0,1746.0,100.0,154.0,138.0,1.0,0.0,0.0,0.0,404.0,0.0,40.0,28.0,107.0,0.0,72.0,27.0,0.0,12.0,2.0,0.0,2.0,1.0,14.0,2.0,1.0,0.0,10.0,14.0,171.0,340.0,4507.0,264.0,859.0,139.0,2.0,15.0,0.0,80.0,1.0,1.0,0.0,34.0,0.0,61.0,2.0,38.0,300.0,96.0,27.0,0.0,5.0,97.0,131.0,1767.0,128.0,11.0,0.0,0.0,1.0,21.0,172.0,1.0,5.0,1574.0,0.0,1.0,12.0,45.0,50.0,54.0,3288.0,45.0,380.0,2.0,412.0,4.0,0.0,2.0,3.0,1.0,8.0,49.0,185.0,2.0,0.0,5.0,201.0,0.0,1.0,0.0,0.0,58.0,8.0,1.0,1.0,192.0,6.0,30.0,5.0,8.0,0.0,2.0,324.0,0.0,0.0,6.0,2.0,22.0
2022-12,9.0,22.0,6.0,182.0,1.0,62.0,1.0,9.0,231.0,18.0,19.0,0.0,227.0,590.0,20.0,16.0,65.0,89.0,5.0,0.0,0.0,0.0,4.0,3.0,20.0,2.0,124.0,0.0,23.0,2.0,325.0,80.0,0.0,0.0,112.0,94.0,1445.0,15.0,21.0,87.0,1.0,0.0,1.0,45.0,90.0,4.0,0.0,99.0,7.0,7.0,0.0,1.0,5.0,1.0,25.0,166.0,8.0,0.0,0.0,53.0,19.0,66.0,4.0,0.0,27.0,0.0,13.0,0.0,175.0,0.0,3.0,9.0,0.0,38.0,0.0,1.0,0.0,0.0,1.0,0.0,6.0,0.0,116.0,23.0,220.0,73.0,0.0,4.0,1.0,1.0,169.0,28.0,0.0,13.0,7.0,29.0,160.0,609.0,5.0,13.0,9.0,2.0,0.0,12.0,30.0,12.0,4.0,48.0,121.0,33.0,6.0,11.0,2.0,2.0,57.0,4.0,0.0,53.0,86.0,7.0,135.0,21.0,1541.0,411.0,182.0,34.0,4.0,0.0,3.0,1.0,2.0,168.0,0.0,17.0,20.0,332.0,1.0,41.0,37.0,0.0,0.0,2.0,0.0,0.0,4.0,9.0,0.0,5.0,0.0,12.0,4.0,57.0,227.0,1472.0,158.0,395.0,3.0,0.0,20.0,0.0,7.0,1.0,0.0,1.0,16.0,0.0,146.0,3.0,3.0,151.0,22.0,79.0,0.0,2.0,99.0,106.0,70.0,207.0,171.0,3.0,2.0,1.0,50.0,28.0,11.0,0.0,200.0,2.0,0.0,5.0,138.0,68.0,56.0,297.0,19.0,113.0,14.0,176.0,6.0,0.0,0.0,1.0,10.0,25.0,34.0,97.0,0.0,0.0,0.0,44.0,41.0,13.0,0.0,4.0,9.0,0.0,1.0,1.0,45.0,2.0,56.0,6.0,60.0,0.0,8.0,497.0,0.0,2.0,14.0,18.0,26.0
2023-01,8.0,22.0,8.0,68.0,0.0,24.0,4.0,10.0,192.0,3.0,49.0,0.0,372.0,963.0,0.0,44.0,71.0,102.0,1.0,0.0,8.0,0.0,12.0,6.0,0.0,0.0,167.0,0.0,80.0,0.0,405.0,80.0,22.0,0.0,108.0,69.0,208.0,15.0,57.0,7.0,2.0,0.0,28.0,38.0,247.0,32.0,0.0,198.0,4.0,18.0,0.0,1.0,9.0,0.0,45.0,145.0,1.0,3.0,2.0,8.0,6.0,205.0,2.0,0.0,22.0,1.0,20.0,0.0,291.0,0.0,8.0,3.0,2.0,9.0,1.0,0.0,1.0,0.0,0.0,0.0,4.0,0.0,95.0,1.0,241.0,6.0,3.0,4.0,2.0,4.0,234.0,12.0,1.0,24.0,9.0,61.0,8.0,898.0,0.0,19.0,5.0,0.0,0.0,28.0,9.0,4.0,18.0,5.0,22.0,42.0,2.0,5.0,16.0,2.0,19.0,5.0,0.0,0.0,38.0,4.0,1.0,0.0,298.0,240.0,103.0,55.0,7.0,0.0,25.0,0.0,3.0,8.0,0.0,73.0,47.0,417.0,4.0,65.0,123.0,7.0,0.0,0.0,1.0,0.0,1.0,10.0,0.0,14.0,0.0,2.0,2.0,51.0,70.0,330.0,109.0,96.0,4.0,0.0,84.0,0.0,0.0,0.0,4.0,0.0,14.0,0.0,216.0,5.0,0.0,204.0,0.0,256.0,0.0,6.0,39.0,64.0,42.0,324.0,26.0,0.0,0.0,0.0,116.0,35.0,13.0,0.0,36.0,1.0,4.0,8.0,24.0,129.0,39.0,115.0,0.0,135.0,28.0,62.0,1.0,0.0,0.0,0.0,13.0,15.0,62.0,59.0,0.0,1.0,0.0,30.0,0.0,20.0,6.0,17.0,18.0,7.0,1.0,5.0,34.0,3.0,80.0,10.0,2.0,0.0,22.0,470.0,0.0,12.0,2.0,48.0,128.0
2023-02,1.0,15.0,0.0,31.0,0.0,23.0,8.0,7.0,154.0,4.0,187.0,11.0,215.0,1277.0,2.0,110.0,104.0,1255.0,0.0,0.0,0.0,0.0,8.0,9.0,0.0,0.0,222.0,1.0,268.0,1.0,502.0,128.0,19.0,0.0,119.0,1627.0,36.0,10.0,68.0,1.0,1.0,0.0,4.0,17.0,287.0,38.0,0.0,188.0,1.0,15.0,3.0,0.0,13.0,4.0,227.0,71.0,0.0,18.0,60.0,3.0,4.0,335.0,0.0,0.0,4.0,3.0,25.0,2.0,859.0,0.0,12.0,1.0,0.0,60.0,2.0,4.0,0.0,0.0,0.0,0.0,15.0,0.0,25.0,0.0,253.0,1.0,1.0,16.0,5.0,0.0,110.0,88.0,1.0,23.0,1.0,541.0,6.0,714.0,0.0,32.0,2.0,1.0,0.0,49.0,2.0,2.0,71.0,4.0,63.0,6.0,3.0,2.0,53.0,2.0,17.0,3.0,0.0,0.0,24.0,8.0,2.0,56.0,135.0,515.0,71.0,162.0,3.0,13.0,159.0,0.0,0.0,2.0,0.0,196.0,52.0,600.0,9.0,225.0,159.0,1.0,1.0,2.0,17.0,6.0,0.0,0.0,1.0,25.0,0.0,1.0,0.0,25.0,24.0,94.0,36.0,52.0,1.0,0.0,89.0,0.0,0.0,0.0,0.0,0.0,3.0,0.0,373.0,2.0,3.0,61.0,1.0,316.0,1.0,10.0,19.0,94.0,28.0,168.0,14.0,0.0,6.0,2.0,47.0,35.0,17.0,0.0,26.0,0.0,0.0,5.0,1.0,56.0,32.0,56.0,0.0,104.0,40.0,26.0,2.0,0.0,0.0,6.0,45.0,15.0,36.0,104.0,2.0,0.0,1.0,10.0,0.0,27.0,0.0,31.0,5.0,0.0,1.0,22.0,13.0,2.0,38.0,14.0,3.0,0.0,9.0,463.0,0.0,41.0,0.0,186.0,235.0
2023-03,0.0,26.0,1.0,28.0,1.0,16.0,3.0,10.0,306.0,0.0,546.0,1.0,713.0,1602.0,0.0,154.0,130.0,649.0,0.0,0.0,0.0,1.0,4.0,13.0,0.0,0.0,206.0,11.0,527.0,0.0,1222.0,60.0,6.0,1.0,81.0,35.0,18.0,19.0,27.0,8.0,2.0,0.0,2.0,19.0,74.0,92.0,0.0,150.0,1.0,1.0,0.0,0.0,20.0,2.0,256.0,87.0,0.0,57.0,7.0,0.0,1.0,494.0,1.0,0.0,9.0,3.0,4.0,5.0,213.0,0.0,4.0,0.0,13.0,179.0,0.0,43.0,9.0,0.0,1.0,0.0,22.0,9.0,50.0,5.0,200.0,5.0,2.0,36.0,0.0,0.0,88.0,104.0,5.0,32.0,5.0,304.0,16.0,890.0,0.0,2.0,0.0,3.0,0.0,41.0,1.0,1.0,108.0,1.0,13.0,9.0,1.0,0.0,106.0,4.0,7.0,2.0,0.0,1.0,8.0,0.0,16.0,0.0,106.0,576.0,118.0,186.0,0.0,0.0,291.0,13.0,0.0,11.0,0.0,54.0,13.0,305.0,138.0,187.0,663.0,0.0,0.0,0.0,15.0,0.0,0.0,9.0,8.0,32.0,1.0,2.0,0.0,75.0,7.0,94.0,31.0,63.0,1.0,0.0,47.0,0.0,0.0,0.0,0.0,0.0,6.0,5.0,519.0,13.0,2.0,32.0,2.0,26.0,0.0,10.0,1.0,107.0,38.0,505.0,7.0,0.0,0.0,1.0,74.0,58.0,19.0,6.0,11.0,0.0,5.0,0.0,63.0,4.0,27.0,67.0,0.0,73.0,30.0,31.0,1.0,0.0,2.0,1.0,240.0,0.0,109.0,77.0,1.0,0.0,0.0,2.0,0.0,17.0,0.0,30.0,2.0,0.0,0.0,32.0,1.0,12.0,107.0,3.0,1.0,0.0,16.0,285.0,0.0,88.0,0.0,170.0,186.0
2023-04,0.0,29.0,1.0,20.0,0.0,13.0,5.0,6.0,60.0,3.0,41.0,0.0,426.0,649.0,0.0,47.0,49.0,192.0,1.0,0.0,0.0,0.0,1.0,9.0,0.0,0.0,269.0,18.0,233.0,0.0,594.0,25.0,0.0,0.0,72.0,443.0,8.0,14.0,28.0,1.0,1.0,0.0,0.0,16.0,3.0,15.0,0.0,76.0,0.0,0.0,1.0,2.0,1.0,2.0,33.0,60.0,0.0,7.0,0.0,0.0,5.0,79.0,7.0,0.0,10.0,1.0,8.0,1.0,267.0,0.0,1.0,1.0,11.0,63.0,2.0,50.0,2.0,0.0,0.0,6.0,4.0,23.0,111.0,1.0,80.0,3.0,6.0,27.0,0.0,1.0,49.0,134.0,0.0,0.0,10.0,4.0,14.0,599.0,0.0,4.0,2.0,1.0,0.0,23.0,0.0,4.0,45.0,8.0,22.0,11.0,2.0,0.0,36.0,0.0,5.0,1.0,0.0,0.0,7.0,23.0,10.0,8.0,155.0,644.0,64.0,133.0,1.0,0.0,27.0,12.0,2.0,10.0,0.0,34.0,7.0,32.0,63.0,148.0,229.0,0.0,0.0,1.0,3.0,0.0,0.0,15.0,28.0,18.0,1.0,0.0,1.0,56.0,13.0,58.0,27.0,80.0,0.0,3.0,32.0,0.0,1.0,0.0,0.0,1.0,2.0,13.0,121.0,11.0,1.0,32.0,0.0,1.0,0.0,3.0,1.0,137.0,30.0,212.0,11.0,0.0,0.0,6.0,76.0,59.0,19.0,0.0,8.0,1.0,10.0,4.0,6.0,6.0,34.0,66.0,1.0,145.0,4.0,14.0,2.0,6.0,4.0,3.0,213.0,0.0,22.0,179.0,1.0,5.0,0.0,3.0,0.0,0.0,7.0,2.0,0.0,1.0,0.0,6.0,13.0,22.0,41.0,2.0,0.0,0.0,1.0,62.0,1.0,23.0,0.0,51.0,112.0
2023-05,8.0,4.0,5.0,30.0,0.0,44.0,14.0,38.0,8.0,9.0,32.0,0.0,315.0,253.0,0.0,16.0,54.0,45.0,2.0,0.0,8.0,0.0,3.0,4.0,0.0,0.0,465.0,6.0,122.0,0.0,152.0,118.0,0.0,0.0,94.0,270.0,10.0,26.0,18.0,2.0,0.0,0.0,3.0,28.0,1.0,3.0,0.0,38.0,0.0,3.0,0.0,0.0,8.0,0.0,10.0,75.0,0.0,0.0,2.0,0.0,9.0,77.0,9.0,0.0,17.0,0.0,21.0,1.0,268.0,0.0,1.0,0.0,5.0,17.0,10.0,4.0,2.0,0.0,1.0,1.0,12.0,1.0,171.0,0.0,129.0,1.0,2.0,32.0,0.0,0.0,37.0,292.0,3.0,0.0,7.0,1.0,3.0,499.0,0.0,1.0,7.0,6.0,1.0,13.0,3.0,3.0,4.0,38.0,16.0,34.0,4.0,17.0,19.0,1.0,26.0,7.0,0.0,1.0,4.0,0.0,3.0,0.0,478.0,1666.0,205.0,274.0,6.0,0.0,10.0,3.0,2.0,0.0,0.0,102.0,19.0,29.0,56.0,110.0,144.0,0.0,0.0,0.0,3.0,1.0,1.0,11.0,0.0,39.0,0.0,0.0,1.0,186.0,3.0,224.0,14.0,111.0,2.0,0.0,10.0,0.0,0.0,0.0,6.0,0.0,0.0,0.0,34.0,2.0,5.0,48.0,1.0,0.0,0.0,16.0,3.0,127.0,50.0,49.0,1.0,0.0,3.0,10.0,42.0,200.0,2.0,0.0,2.0,3.0,11.0,8.0,12.0,11.0,78.0,151.0,0.0,192.0,5.0,50.0,0.0,0.0,0.0,6.0,168.0,1.0,145.0,697.0,0.0,4.0,2.0,3.0,0.0,9.0,4.0,13.0,6.0,0.0,0.0,4.0,10.0,0.0,8.0,2.0,1.0,0.0,0.0,61.0,0.0,13.0,0.0,42.0,16.0
2023-06,31.0,1.0,0.0,213.0,0.0,83.0,13.0,35.0,5.0,8.0,19.0,1.0,11.0,14.0,0.0,2.0,8.0,2.0,1.0,3.0,2.0,0.0,0.0,1.0,8.0,0.0,433.0,0.0,1.0,0.0,17.0,264.0,1.0,0.0,80.0,58.0,15.0,46.0,31.0,4.0,2.0,0.0,5.0,56.0,1.0,0.0,0.0,7.0,11.0,3.0,0.0,0.0,11.0,2.0,9.0,129.0,3.0,1.0,0.0,19.0,28.0,1.0,2.0,0.0,22.0,0.0,24.0,0.0,229.0,0.0,4.0,23.0,0.0,37.0,11.0,1.0,0.0,0.0,0.0,0.0,30.0,0.0,516.0,0.0,36.0,1.0,0.0,45.0,0.0,3.0,67.0,343.0,0.0,0.0,4.0,1.0,2.0,8.0,1.0,5.0,60.0,9.0,0.0,18.0,10.0,51.0,5.0,31.0,21.0,84.0,10.0,12.0,8.0,3.0,3.0,10.0,0.0,2.0,39.0,0.0,1.0,0.0,1338.0,2447.0,270.0,384.0,11.0,0.0,4.0,0.0,0.0,0.0,0.0,68.0,23.0,27.0,3.0,136.0,20.0,0.0,0.0,1.0,0.0,0.0,2.0,6.0,0.0,36.0,0.0,1.0,29.0,185.0,5.0,682.0,6.0,432.0,4.0,0.0,18.0,0.0,32.0,0.0,1.0,0.0,28.0,1.0,1.0,1.0,8.0,119.0,13.0,0.0,0.0,34.0,6.0,80.0,88.0,3.0,0.0,0.0,2.0,5.0,14.0,149.0,0.0,0.0,8.0,0.0,3.0,10.0,3.0,83.0,127.0,845.0,1.0,187.0,6.0,83.0,0.0,0.0,0.0,3.0,10.0,0.0,134.0,1277.0,0.0,1.0,1.0,8.0,0.0,6.0,0.0,7.0,32.0,9.0,0.0,1.0,109.0,0.0,1.0,5.0,2.0,0.0,0.0,55.0,0.0,5.0,1.0,13.0,44.0
2023-07,212.0,6.0,15.0,1947.0,0.0,151.0,31.0,60.0,9.0,29.0,44.0,0.0,8.0,13.0,1.0,4.0,9.0,0.0,3.0,0.0,2.0,0.0,4.0,3.0,27.0,0.0,701.0,0.0,2.0,0.0,58.0,95.0,0.0,0.0,104.0,3.0,73.0,119.0,87.0,15.0,3.0,0.0,0.0,78.0,4.0,2.0,1.0,13.0,9.0,15.0,3.0,1.0,46.0,0.0,45.0,352.0,0.0,0.0,0.0,14.0,21.0,1.0,4.0,0.0,93.0,0.0,60.0,0.0,275.0,1.0,2.0,36.0,1.0,26.0,21.0,0.0,0.0,0.0,0.0,0.0,62.0,0.0,1460.0,0.0,47.0,1.0,0.0,53.0,1.0,0.0,226.0,366.0,1.0,0.0,12.0,0.0,13.0,6.0,11.0,1.0,184.0,2.0,2.0,47.0,13.0,136.0,37.0,24.0,6.0,105.0,11.0,10.0,28.0,0.0,0.0,12.0,0.0,2.0,104.0,0.0,3.0,0.0,2405.0,1453.0,307.0,550.0,62.0,0.0,13.0,1.0,0.0,3.0,0.0,2.0,52.0,23.0,1.0,164.0,36.0,0.0,1.0,0.0,0.0,2.0,2.0,4.0,0.0,43.0,0.0,0.0,8.0,121.0,17.0,2027.0,35.0,974.0,70.0,3.0,52.0,0.0,55.0,0.0,0.0,0.0,18.0,0.0,3.0,0.0,27.0,372.0,26.0,1.0,1.0,97.0,10.0,221.0,460.0,12.0,0.0,1.0,0.0,1.0,10.0,114.0,1.0,0.0,47.0,0.0,1.0,13.0,15.0,223.0,212.0,2350.0,2.0,252.0,9.0,250.0,0.0,0.0,1.0,4.0,16.0,2.0,253.0,1525.0,0.0,0.0,3.0,5.0,0.0,14.0,2.0,23.0,57.0,7.0,0.0,0.0,211.0,2.0,3.0,6.0,1.0,0.0,0.0,84.0,0.0,0.0,2.0,30.0,82.0
2023-08,1388.0,8.0,69.0,5473.0,0.0,278.0,46.0,182.0,52.0,41.0,55.0,0.0,30.0,17.0,19.0,6.0,24.0,1.0,10.0,4.0,2.0,0.0,0.0,8.0,92.0,12.0,694.0,4.0,10.0,3.0,164.0,181.0,1.0,0.0,357.0,6.0,179.0,181.0,244.0,31.0,9.0,0.0,6.0,153.0,21.0,4.0,1.0,31.0,15.0,9.0,7.0,4.0,41.0,3.0,73.0,1070.0,0.0,2.0,7.0,33.0,155.0,3.0,9.0,0.0,283.0,4.0,124.0,0.0,857.0,3.0,26.0,129.0,21.0,134.0,21.0,4.0,9.0,0.0,2.0,3.0,30.0,1.0,2555.0,1.0,197.0,4.0,2.0,121.0,2.0,0.0,1254.0,488.0,0.0,0.0,40.0,7.0,5.0,15.0,20.0,8.0,524.0,5.0,4.0,114.0,14.0,376.0,163.0,46.0,139.0,624.0,9.0,9.0,82.0,9.0,0.0,7.0,0.0,24.0,457.0,0.0,0.0,0.0,2431.0,2626.0,239.0,1029.0,394.0,0.0,7.0,1.0,10.0,1.0,4.0,6.0,80.0,90.0,4.0,514.0,48.0,2.0,0.0,1.0,5.0,1.0,11.0,14.0,0.0,60.0,0.0,1.0,15.0,389.0,31.0,6725.0,53.0,1497.0,122.0,3.0,76.0,0.0,197.0,0.0,3.0,3.0,9.0,9.0,3.0,8.0,37.0,1046.0,34.0,22.0,0.0,94.0,19.0,812.0,1715.0,78.0,1.0,0.0,0.0,9.0,100.0,473.0,0.0,5.0,214.0,4.0,12.0,67.0,97.0,564.0,376.0,1321.0,4.0,908.0,10.0,775.0,0.0,0.0,10.0,5.0,18.0,3.0,352.0,1141.0,1.0,4.0,5.0,6.0,0.0,44.0,3.0,44.0,173.0,1.0,1.0,6.0,869.0,13.0,9.0,12.0,3.0,1.0,8.0,103.0,0.0,6.0,1.0,75.0,368.0
2023-09,3075.0,10.0,434.0,6991.0,1.0,509.0,11.0,208.0,55.0,15.0,41.0,2.0,78.0,46.0,10.0,5.0,14.0,7.0,9.0,2.0,4.0,0.0,3.0,0.0,36.0,7.0,3298.0,8.0,2.0,7.0,281.0,137.0,0.0,47.0,159.0,27.0,636.0,34.0,47.0,75.0,3.0,0.0,0.0,91.0,67.0,3.0,7.0,34.0,7.0,32.0,70.0,9.0,6.0,0.0,8.0,530.0,4.0,1.0,2.0,23.0,274.0,9.0,0.0,1.0,367.0,9.0,44.0,6.0,72.0,2.0,11.0,118.0,59.0,104.0,18.0,20.0,38.0,0.0,0.0,0.0,53.0,110.0,3918.0,11.0,84.0,2.0,18.0,60.0,0.0,0.0,2086.0,651.0,0.0,2.0,5.0,27.0,62.0,24.0,12.0,26.0,784.0,2.0,23.0,24.0,18.0,294.0,7.0,31.0,53.0,881.0,12.0,22.0,38.0,3.0,6.0,18.0,0.0,33.0,479.0,0.0,6.0,0.0,4719.0,4219.0,339.0,1793.0,581.0,0.0,4.0,94.0,0.0,8.0,52.0,22.0,54.0,140.0,10.0,84.0,259.0,0.0,1.0,1.0,3.0,3.0,9.0,26.0,28.0,33.0,0.0,9.0,15.0,166.0,107.0,9504.0,339.0,3941.0,539.0,29.0,7.0,1.0,168.0,1.0,0.0,7.0,60.0,49.0,22.0,25.0,36.0,1600.0,47.0,43.0,5.0,100.0,65.0,34.0,2651.0,194.0,0.0,0.0,0.0,0.0,45.0,89.0,4.0,57.0,212.0,0.0,3.0,30.0,83.0,376.0,225.0,1623.0,12.0,375.0,18.0,470.0,4.0,4.0,85.0,0.0,12.0,13.0,375.0,2681.0,0.0,0.0,10.0,14.0,0.0,74.0,0.0,4.0,102.0,1.0,1.0,13.0,1085.0,34.0,68.0,21.0,0.0,0.0,10.0,138.0,3.0,13.0,0.0,30.0,7.0
2023-10,1675.0,30.0,1063.0,3858.0,0.0,533.0,4.0,262.0,73.0,3.0,15.0,0.0,38.0,87.0,7.0,8.0,20.0,26.0,1.0,0.0,1.0,0.0,6.0,0.0,5.0,0.0,3279.0,13.0,9.0,0.0,183.0,153.0,5.0,84.0,109.0,66.0,1969.0,45.0,23.0,38.0,2.0,0.0,0.0,78.0,35.0,6.0,5.0,23.0,17.0,7.0,86.0,3.0,4.0,12.0,3.0,422.0,3.0,1.0,14.0,59.0,774.0,12.0,4.0,4.0,341.0,5.0,65.0,25.0,85.0,0.0,5.0,50.0,79.0,124.0,0.0,36.0,69.0,0.0,2.0,5.0,59.0,163.0,7350.0,2.0,68.0,3.0,24.0,40.0,0.0,3.0,857.0,369.0,0.0,4.0,6.0,9.0,23.0,87.0,1.0,15.0,172.0,2.0,11.0,25.0,24.0,58.0,0.0,9.0,40.0,898.0,19.0,13.0,17.0,5.0,5.0,3.0,0.0,38.0,282.0,2.0,6.0,2.0,4283.0,2454.0,495.0,919.0,215.0,0.0,2.0,168.0,1.0,19.0,52.0,17.0,40.0,97.0,4.0,11.0,154.0,0.0,2.0,1.0,4.0,1.0,3.0,7.0,70.0,53.0,0.0,12.0,15.0,34.0,224.0,11378.0,586.0,3982.0,343.0,24.0,17.0,0.0,78.0,0.0,2.0,7.0,27.0,37.0,91.0,47.0,36.0,1358.0,20.0,18.0,0.0,7.0,180.0,61.0,1140.0,409.0,0.0,0.0,0.0,2.0,27.0,21.0,19.0,71.0,366.0,0.0,2.0,38.0,167.0,118.0,275.0,2918.0,5.0,274.0,12.0,413.0,1.0,16.0,81.0,1.0,14.0,19.0,58.0,1140.0,0.0,0.0,1.0,60.0,0.0,22.0,4.0,9.0,146.0,1.0,1.0,10.0,320.0,24.0,147.0,5.0,1.0,0.0,12.0,124.0,3.0,30.0,3.0,37.0,24.0
2023-11,160.0,38.0,891.0,797.0,0.0,315.0,4.0,86.0,64.0,5.0,7.0,1.0,180.0,339.0,1.0,9.0,29.0,13.0,14.0,0.0,0.0,0.0,0.0,0.0,4.0,4.0,1295.0,1.0,10.0,0.0,300.0,222.0,1.0,29.0,57.0,42.0,1830.0,9.0,11.0,17.0,0.0,0.0,1.0,27.0,9.0,4.0,0.0,65.0,8.0,2.0,36.0,0.0,0.0,0.0,2.0,185.0,0.0,1.0,4.0,89.0,313.0,48.0,3.0,3.0,81.0,3.0,4.0,9.0,10.0,0.0,1.0,8.0,6.0,53.0,3.0,13.0,59.0,0.0,0.0,1.0,183.0,118.0,5543.0,4.0,15.0,9.0,8.0,1.0,2.0,0.0,683.0,181.0,1.0,7.0,8.0,3.0,42.0,703.0,3.0,6.0,20.0,1.0,1.0,5.0,18.0,9.0,0.0,12.0,41.0,788.0,22.0,29.0,3.0,2.0,4.0,5.0,0.0,12.0,75.0,7.0,69.0,2.0,2893.0,3705.0,1815.0,642.0,59.0,5.0,1.0,80.0,0.0,61.0,31.0,8.0,9.0,130.0,0.0,30.0,66.0,3.0,2.0,0.0,2.0,0.0,0.0,5.0,65.0,18.0,2.0,0.0,3.0,72.0,281.0,8187.0,380.0,1156.0,42.0,16.0,2.0,0.0,5.0,0.0,0.0,0.0,39.0,8.0,148.0,8.0,7.0,809.0,7.0,6.0,0.0,22.0,149.0,57.0,996.0,468.0,7.0,0.0,0.0,0.0,22.0,61.0,25.0,23.0,161.0,1.0,1.0,22.0,23.0,20.0,36.0,2584.0,4.0,91.0,5.0,106.0,0.0,18.0,25.0,3.0,5.0,0.0,54.0,478.0,0.0,0.0,4.0,57.0,0.0,10.0,1.0,4.0,31.0,2.0,0.0,3.0,68.0,13.0,110.0,2.0,4.0,0.0,2.0,310.0,6.0,1.0,0.0,12.0,0.0
2023-12,4.0,38.0,65.0,145.0,0.0,135.0,6.0,13.0,139.0,1.0,11.0,0.0,511.0,851.0,0.0,37.0,64.0,23.0,13.0,0.0,0.0,0.0,0.0,4.0,2.0,0.0,888.0,1.0,51.0,0.0,585.0,93.0,0.0,4.0,24.0,21.0,1826.0,3.0,4.0,0.0,3.0,0.0,1.0,29.0,7.0,12.0,2.0,93.0,5.0,1.0,4.0,0.0,0.0,0.0,8.0,35.0,0.0,0.0,36.0,8.0,9.0,180.0,0.0,2.0,12.0,2.0,1.0,3.0,10.0,0.0,1.0,0.0,1.0,10.0,0.0,11.0,23.0,0.0,0.0,0.0,69.0,63.0,522.0,0.0,9.0,1.0,7.0,0.0,0.0,2.0,69.0,132.0,1.0,7.0,0.0,6.0,13.0,960.0,3.0,2.0,1.0,0.0,0.0,13.0,2.0,3.0,5.0,16.0,33.0,79.0,8.0,34.0,5.0,1.0,22.0,0.0,0.0,7.0,14.0,16.0,12.0,8.0,1872.0,1178.0,503.0,371.0,5.0,0.0,21.0,64.0,1.0,13.0,0.0,5.0,22.0,150.0,2.0,30.0,71.0,0.0,4.0,1.0,1.0,0.0,0.0,3.0,36.0,25.0,0.0,1.0,0.0,79.0,169.0,2412.0,218.0,573.0,6.0,1.0,4.0,0.0,0.0,0.0,1.0,0.0,14.0,1.0,163.0,2.0,0.0,146.0,1.0,0.0,0.0,5.0,87.0,31.0,179.0,237.0,106.0,0.0,0.0,2.0,23.0,47.0,32.0,0.0,23.0,0.0,0.0,24.0,3.0,9.0,21.0,688.0,7.0,39.0,11.0,25.0,0.0,0.0,3.0,0.0,5.0,0.0,66.0,283.0,0.0,0.0,0.0,39.0,0.0,8.0,0.0,13.0,3.0,5.0,0.0,3.0,10.0,3.0,57.0,1.0,16.0,0.0,1.0,308.0,1.0,3.0,1.0,28.0,5.0
2024-01,8.0,41.0,3.0,160.0,0.0,157.0,15.0,25.0,433.0,2.0,56.0,0.0,910.0,2529.0,1.0,226.0,175.0,31.0,0.0,0.0,0.0,0.0,9.0,10.0,0.0,0.0,268.0,6.0,344.0,0.0,1394.0,147.0,41.0,6.0,47.0,17.0,330.0,14.0,10.0,0.0,7.0,0.0,2.0,57.0,283.0,100.0,0.0,390.0,2.0,8.0,3.0,0.0,5.0,0.0,100.0,43.0,7.0,0.0,39.0,1.0,7.0,607.0,0.0,2.0,33.0,2.0,0.0,5.0,25.0,0.0,19.0,1.0,1.0,20.0,2.0,32.0,6.0,0.0,1.0,0.0,22.0,37.0,136.0,0.0,12.0,4.0,3.0,10.0,1.0,0.0,193.0,126.0,1.0,64.0,4.0,89.0,5.0,1634.0,0.0,18.0,2.0,3.0,1.0,17.0,4.0,2.0,6.0,7.0,16.0,20.0,7.0,5.0,61.0,0.0,12.0,1.0,0.0,0.0,25.0,22.0,0.0,3.0,457.0,847.0,369.0,65.0,5.0,1.0,44.0,33.0,0.0,1.0,2.0,16.0,3.0,908.0,24.0,29.0,360.0,0.0,0.0,3.0,48.0,0.0,0.0,5.0,52.0,62.0,0.0,5.0,4.0,52.0,48.0,633.0,85.0,153.0,1.0,0.0,2.0,0.0,0.0,0.0,0.0,5.0,2.0,2.0,426.0,4.0,0.0,280.0,0.0,79.0,0.0,9.0,40.0,21.0,39.0,604.0,26.0,0.0,0.0,0.0,17.0,26.0,19.0,0.0,28.0,0.0,1.0,34.0,10.0,37.0,29.0,330.0,1.0,36.0,52.0,37.0,0.0,0.0,0.0,0.0,38.0,21.0,75.0,53.0,2.0,0.0,2.0,84.0,1.0,30.0,0.0,65.0,3.0,2.0,1.0,22.0,36.0,7.0,140.0,6.0,4.0,3.0,9.0,832.0,2.0,69.0,1.0,241.0,15.0
2024-02,7.0,28.0,1.0,141.0,0.0,102.0,6.0,21.0,419.0,2.0,153.0,2.0,995.0,2066.0,0.0,128.0,91.0,142.0,0.0,0.0,4.0,0.0,13.0,17.0,0.0,0.0,133.0,32.0,392.0,0.0,1383.0,119.0,27.0,3.0,27.0,14.0,42.0,31.0,34.0,11.0,3.0,0.0,0.0,66.0,1048.0,103.0,0.0,201.0,2.0,5.0,0.0,1.0,12.0,0.0,82.0,54.0,0.0,7.0,77.0,0.0,0.0,422.0,0.0,10.0,24.0,10.0,31.0,49.0,77.0,0.0,6.0,0.0,16.0,45.0,4.0,243.0,62.0,0.0,0.0,0.0,3.0,73.0,38.0,1.0,4.0,2.0,32.0,11.0,0.0,0.0,253.0,120.0,1.0,73.0,16.0,450.0,6.0,1046.0,0.0,5.0,0.0,3.0,0.0,15.0,3.0,3.0,11.0,6.0,59.0,11.0,4.0,2.0,63.0,0.0,45.0,0.0,0.0,1.0,16.0,7.0,1.0,0.0,98.0,863.0,170.0,82.0,5.0,0.0,83.0,134.0,0.0,2.0,9.0,24.0,6.0,1064.0,64.0,53.0,874.0,0.0,0.0,0.0,12.0,0.0,0.0,9.0,137.0,36.0,0.0,0.0,0.0,60.0,17.0,260.0,48.0,41.0,1.0,0.0,55.0,0.0,0.0,0.0,0.0,0.0,5.0,25.0,422.0,26.0,0.0,246.0,0.0,252.0,2.0,2.0,15.0,54.0,47.0,2057.0,17.0,0.0,0.0,0.0,18.0,55.0,13.0,0.0,14.0,0.0,0.0,0.0,14.0,28.0,60.0,173.0,1.0,47.0,44.0,38.0,0.0,9.0,2.0,0.0,163.0,7.0,93.0,112.0,0.0,3.0,0.0,10.0,0.0,23.0,0.0,32.0,1.0,1.0,0.0,26.0,3.0,19.0,197.0,4.0,68.0,1.0,57.0,462.0,3.0,113.0,2.0,196.0,32.0
2024-03,7.0,40.0,0.0,35.0,0.0,251.0,8.0,37.0,255.0,1.0,385.0,3.0,667.0,2065.0,0.0,151.0,104.0,442.0,2.0,0.0,2.0,0.0,1.0,23.0,0.0,0.0,408.0,87.0,658.0,1.0,2623.0,120.0,16.0,5.0,18.0,162.0,16.0,54.0,22.0,10.0,1.0,0.0,1.0,47.0,226.0,104.0,0.0,160.0,0.0,3.0,4.0,1.0,35.0,1.0,192.0,112.0,1.0,32.0,2.0,0.0,1.0,593.0,1.0,34.0,98.0,10.0,84.0,17.0,150.0,0.0,5.0,0.0,54.0,50.0,3.0,331.0,103.0,0.0,7.0,0.0,18.0,197.0,67.0,0.0,31.0,7.0,63.0,74.0,0.0,0.0,828.0,219.0,53.0,10.0,10.0,202.0,9.0,1271.0,0.0,4.0,2.0,2.0,0.0,4.0,1.0,2.0,48.0,2.0,31.0,5.0,0.0,6.0,196.0,0.0,9.0,0.0,0.0,1.0,13.0,6.0,5.0,17.0,159.0,1624.0,309.0,194.0,5.0,0.0,295.0,175.0,0.0,4.0,3.0,6.0,2.0,521.0,196.0,48.0,959.0,0.0,0.0,0.0,38.0,1.0,5.0,22.0,142.0,76.0,0.0,2.0,0.0,109.0,2.0,113.0,43.0,126.0,1.0,3.0,26.0,1.0,0.0,1.0,2.0,0.0,5.0,42.0,643.0,16.0,0.0,642.0,0.0,27.0,2.0,10.0,9.0,48.0,79.0,1429.0,3.0,1.0,2.0,0.0,8.0,58.0,26.0,0.0,17.0,0.0,2.0,3.0,10.0,14.0,189.0,290.0,0.0,51.0,80.0,42.0,4.0,17.0,2.0,0.0,305.0,1.0,138.0,226.0,0.0,0.0,0.0,7.0,0.0,26.0,1.0,71.0,1.0,0.0,0.0,44.0,11.0,41.0,55.0,13.0,1.0,0.0,13.0,263.0,0.0,283.0,1.0,508.0,28.0
2024-04,3.0,10.0,2.0,32.0,1.0,33.0,6.0,12.0,88.0,13.0,67.0,0.0,712.0,844.0,0.0,116.0,78.0,158.0,2.0,0.0,0.0,0.0,0.0,10.0,0.0,2.0,186.0,31.0,261.0,0.0,1313.0,78.0,6.0,1.0,6.0,276.0,10.0,17.0,19.0,0.0,0.0,0.0,0.0,21.0,59.0,76.0,0.0,141.0,4.0,3.0,1.0,0.0,1.0,0.0,33.0,27.0,0.0,8.0,2.0,0.0,0.0,216.0,0.0,19.0,21.0,1.0,28.0,14.0,89.0,0.0,6.0,1.0,17.0,43.0,1.0,274.0,119.0,0.0,4.0,0.0,21.0,107.0,88.0,0.0,5.0,1.0,32.0,101.0,0.0,0.0,73.0,115.0,51.0,7.0,10.0,31.0,11.0,1059.0,0.0,13.0,4.0,8.0,0.0,12.0,0.0,7.0,20.0,19.0,9.0,16.0,0.0,5.0,136.0,0.0,1.0,1.0,0.0,0.0,18.0,20.0,7.0,14.0,95.0,797.0,113.0,153.0,3.0,0.0,34.0,151.0,0.0,5.0,4.0,19.0,9.0,189.0,248.0,66.0,378.0,0.0,0.0,0.0,11.0,0.0,1.0,15.0,99.0,16.0,0.0,2.0,0.0,58.0,1.0,52.0,21.0,54.0,3.0,2.0,10.0,1.0,2.0,0.0,0.0,1.0,7.0,63.0,177.0,8.0,1.0,207.0,0.0,6.0,0.0,37.0,4.0,24.0,49.0,519.0,6.0,0.0,0.0,1.0,3.0,57.0,5.0,3.0,1.0,0.0,0.0,19.0,3.0,18.0,50.0,219.0,1.0,30.0,17.0,10.0,1.0,11.0,0.0,0.0,300.0,0.0,63.0,131.0,0.0,0.0,0.0,0.0,0.0,4.0,1.0,9.0,0.0,1.0,0.0,10.0,29.0,37.0,31.0,3.0,0.0,1.0,0.0,117.0,1.0,153.0,0.0,108.0,8.0
2024-05,11.0,1.0,1.0,40.0,0.0,189.0,4.0,73.0,7.0,5.0,13.0,0.0,152.0,41.0,0.0,17.0,12.0,47.0,4.0,3.0,0.0,0.0,1.0,1.0,0.0,0.0,384.0,6.0,24.0,0.0,97.0,231.0,0.0,0.0,28.0,248.0,14.0,6.0,22.0,7.0,1.0,0.0,0.0,24.0,6.0,3.0,0.0,21.0,7.0,0.0,0.0,0.0,2.0,0.0,5.0,86.0,0.0,1.0,0.0,3.0,6.0,7.0,1.0,0.0,58.0,1.0,1.0,0.0,143.0,0.0,1.0,1.0,0.0,13.0,15.0,183.0,0.0,0.0,0.0,0.0,29.0,0.0,482.0,0.0,22.0,0.0,2.0,22.0,0.0,0.0,24.0,230.0,9.0,0.0,3.0,4.0,11.0,174.0,1.0,0.0,27.0,6.0,0.0,6.0,0.0,8.0,3.0,49.0,7.0,25.0,12.0,32.0,11.0,0.0,9.0,9.0,0.0,1.0,2.0,0.0,1.0,0.0,434.0,1996.0,302.0,379.0,2.0,0.0,1.0,1.0,0.0,1.0,0.0,112.0,9.0,41.0,44.0,18.0,379.0,0.0,3.0,1.0,0.0,0.0,0.0,9.0,1.0,18.0,1.0,1.0,1.0,142.0,5.0,211.0,25.0,166.0,4.0,0.0,21.0,0.0,10.0,0.0,0.0,0.0,11.0,4.0,27.0,0.0,3.0,219.0,0.0,0.0,0.0,100.0,7.0,8.0,68.0,14.0,1.0,0.0,2.0,0.0,10.0,9.0,3.0,0.0,10.0,0.0,0.0,11.0,9.0,37.0,89.0,994.0,0.0,94.0,5.0,72.0,0.0,0.0,0.0,0.0,132.0,0.0,398.0,1332.0,1.0,0.0,0.0,6.0,0.0,1.0,0.0,3.0,2.0,0.0,0.0,6.0,11.0,3.0,1.0,2.0,4.0,0.0,1.0,48.0,0.0,2.0,0.0,20.0,6.0
2024-06,101.0,0.0,1.0,258.0,0.0,345.0,35.0,267.0,8.0,15.0,12.0,0.0,10.0,20.0,1.0,1.0,10.0,1.0,3.0,0.0,12.0,0.0,0.0,1.0,14.0,1.0,446.0,0.0,1.0,0.0,16.0,199.0,2.0,0.0,35.0,1.0,30.0,77.0,99.0,11.0,0.0,0.0,0.0,240.0,6.0,3.0,0.0,5.0,10.0,1.0,0.0,0.0,11.0,0.0,1.0,287.0,0.0,0.0,0.0,19.0,28.0,0.0,7.0,0.0,412.0,0.0,21.0,0.0,584.0,1.0,0.0,14.0,0.0,9.0,24.0,5.0,1.0,0.0,0.0,1.0,60.0,0.0,1294.0,1.0,65.0,0.0,0.0,24.0,0.0,0.0,215.0,260.0,0.0,0.0,7.0,2.0,21.0,7.0,5.0,5.0,39.0,5.0,0.0,78.0,10.0,30.0,1.0,17.0,5.0,62.0,8.0,21.0,3.0,0.0,0.0,11.0,0.0,3.0,22.0,0.0,0.0,0.0,1166.0,2671.0,2737.0,658.0,20.0,0.0,0.0,0.0,0.0,2.0,0.0,4.0,12.0,76.0,4.0,270.0,7.0,0.0,0.0,1.0,0.0,0.0,2.0,0.0,0.0,11.0,1.0,2.0,3.0,237.0,9.0,635.0,8.0,281.0,21.0,0.0,77.0,0.0,11.0,0.0,0.0,1.0,20.0,0.0,0.0,0.0,4.0,550.0,13.0,2.0,0.0,161.0,1.0,80.0,183.0,4.0,0.0,0.0,2.0,0.0,10.0,132.0,0.0,0.0,32.0,2.0,0.0,20.0,1.0,106.0,445.0,2017.0,3.0,244.0,3.0,77.0,0.0,0.0,0.0,1.0,2.0,0.0,532.0,1757.0,0.0,0.0,0.0,10.0,0.0,6.0,1.0,5.0,31.0,7.0,0.0,1.0,62.0,5.0,0.0,3.0,1.0,1.0,0.0,52.0,0.0,1.0,1.0,20.0,52.0
2024-07,603.0,1.0,0.0,4241.0,0.0,246.0,16.0,127.0,6.0,60.0,89.0,0.0,5.0,8.0,17.0,2.0,14.0,9.0,12.0,1.0,2.0,0.0,1.0,1.0,25.0,4.0,655.0,0.0,2.0,0.0,33.0,385.0,1.0,0.0,107.0,63.0,58.0,90.0,104.0,19.0,4.0,0.0,0.0,128.0,0.0,3.0,1.0,12.0,17.0,3.0,0.0,4.0,2.0,3.0,44.0,730.0,7.0,2.0,1.0,9.0,75.0,1.0,0.0,0.0,243.0,1.0,17.0,0.0,1016.0,5.0,5.0,67.0,0.0,51.0,56.0,0.0,0.0,0.0,0.0,1.0,81.0,0.0,4426.0,11.0,138.0,0.0,0.0,40.0,1.0,1.0,377.0,495.0,0.0,0.0,15.0,0.0,57.0,3.0,12.0,1.0,98.0,5.0,2.0,50.0,29.0,104.0,22.0,57.0,52.0,131.0,16.0,10.0,35.0,23.0,16.0,11.0,0.0,10.0,131.0,0.0,12.0,0.0,2320.0,2472.0,1419.0,1208.0,93.0,0.0,8.0,0.0,0.0,4.0,0.0,39.0,78.0,34.0,4.0,248.0,9.0,0.0,3.0,0.0,2.0,0.0,1.0,29.0,0.0,31.0,0.0,0.0,5.0,217.0,22.0,3265.0,23.0,609.0,117.0,1.0,59.0,0.0,31.0,0.0,2.0,7.0,27.0,0.0,1.0,0.0,35.0,331.0,46.0,0.0,0.0,146.0,18.0,279.0,1618.0,3.0,3.0,0.0,2.0,10.0,74.0,247.0,1.0,0.0,170.0,3.0,2.0,28.0,52.0,233.0,257.0,6405.0,9.0,681.0,8.0,308.0,1.0,0.0,0.0,4.0,11.0,0.0,499.0,1922.0,0.0,9.0,0.0,16.0,0.0,20.0,2.0,22.0,202.0,6.0,0.0,2.0,188.0,6.0,0.0,4.0,10.0,0.0,0.0,66.0,0.0,0.0,0.0,23.0,113.0
2024-08,1997.0,9.0,12.0,10328.0,0.0,850.0,100.0,569.0,117.0,78.0,46.0,0.0,22.0,58.0,51.0,7.0,26.0,9.0,13.0,1.0,10.0,0.0,1.0,0.0,49.0,30.0,949.0,0.0,15.0,10.0,66.0,356.0,2.0,1.0,185.0,39.0,189.0,334.0,273.0,109.0,5.0,0.0,0.0,394.0,57.0,7.0,9.0,118.0,25.0,30.0,5.0,3.0,32.0,6.0,40.0,1383.0,13.0,1.0,0.0,22.0,86.0,3.0,8.0,0.0,458.0,2.0,54.0,0.0,1262.0,9.0,13.0,138.0,5.0,141.0,56.0,2.0,3.0,0.0,4.0,3.0,100.0,5.0,6331.0,14.0,200.0,0.0,0.0,113.0,0.0,0.0,951.0,1120.0,0.0,0.0,41.0,25.0,145.0,10.0,38.0,13.0,310.0,5.0,29.0,140.0,38.0,334.0,76.0,73.0,142.0,344.0,110.0,18.0,57.0,8.0,4.0,21.0,0.0,56.0,470.0,0.0,36.0,0.0,2892.0,14617.0,4648.0,2488.0,497.0,0.0,9.0,0.0,5.0,13.0,1.0,20.0,73.0,250.0,10.0,523.0,22.0,0.0,4.0,8.0,1.0,3.0,7.0,24.0,0.0,60.0,0.0,10.0,12.0,1007.0,32.0,13803.0,61.0,1489.0,198.0,3.0,132.0,0.0,118.0,6.0,4.0,13.0,15.0,0.0,22.0,4.0,35.0,568.0,37.0,31.0,2.0,240.0,27.0,726.0,4522.0,41.0,2.0,0.0,0.0,2.0,47.0,727.0,7.0,1.0,298.0,3.0,1.0,28.0,30.0,638.0,607.0,18858.0,17.0,1776.0,17.0,887.0,0.0,0.0,1.0,8.0,8.0,14.0,3612.0,2936.0,1.0,2.0,4.0,27.0,0.0,38.0,6.0,32.0,305.0,2.0,0.0,14.0,849.0,11.0,4.0,17.0,3.0,0.0,7.0,204.0,1.0,16.0,2.0,81.0,129.0
2024-09,3855.0,15.0,152.0,6879.0,0.0,1505.0,36.0,496.0,145.0,121.0,14.0,0.0,35.0,51.0,45.0,2.0,28.0,20.0,5.0,1.0,7.0,0.0,3.0,2.0,95.0,8.0,2753.0,1.0,5.0,7.0,54.0,174.0,2.0,7.0,186.0,61.0,297.0,169.0,125.0,229.0,3.0,0.0,0.0,384.0,67.0,7.0,7.0,59.0,50.0,51.0,29.0,12.0,15.0,4.0,7.0,1216.0,23.0,3.0,0.0,40.0,406.0,1.0,2.0,1.0,393.0,4.0,18.0,0.0,997.0,34.0,19.0,218.0,17.0,520.0,168.0,2.0,5.0,1.0,1.0,0.0,251.0,39.0,8765.0,16.0,244.0,5.0,4.0,44.0,1.0,0.0,1387.0,3111.0,0.0,0.0,31.0,18.0,138.0,24.0,45.0,26.0,1015.0,3.0,11.0,65.0,31.0,320.0,0.0,101.0,192.0,835.0,18.0,18.0,21.0,4.0,5.0,11.0,0.0,45.0,712.0,0.0,18.0,0.0,4132.0,19964.0,1965.0,5082.0,1031.0,0.0,2.0,52.0,2.0,37.0,33.0,19.0,113.0,205.0,20.0,265.0,27.0,0.0,3.0,5.0,0.0,7.0,5.0,30.0,16.0,21.0,0.0,11.0,5.0,585.0,77.0,17434.0,212.0,3152.0,195.0,4.0,58.0,1.0,216.0,2.0,3.0,44.0,43.0,7.0,12.0,24.0,11.0,571.0,68.0,110.0,1.0,391.0,48.0,233.0,2739.0,80.0,6.0,0.0,0.0,0.0,77.0,347.0,6.0,45.0,421.0,1.0,2.0,88.0,360.0,631.0,358.0,22819.0,4.0,1743.0,9.0,1035.0,3.0,3.0,11.0,3.0,8.0,29.0,2522.0,6704.0,0.0,2.0,3.0,43.0,0.0,100.0,5.0,6.0,354.0,8.0,1.0,10.0,1993.0,20.0,26.0,28.0,3.0,2.0,14.0,153.0,1.0,12.0,20.0,30.0,100.0
2024-10,1876.0,28.0,541.0,2557.0,7.0,301.0,6.0,100.0,85.0,11.0,7.0,3.0,116.0,231.0,26.0,4.0,52.0,36.0,18.0,2.0,1.0,0.0,6.0,0.0,15.0,9.0,2198.0,4.0,9.0,5.0,115.0,189.0,1.0,27.0,65.0,47.0,1169.0,50.0,29.0,57.0,0.0,0.0,1.0,102.0,47.0,3.0,0.0,72.0,9.0,9.0,71.0,2.0,7.0,0.0,4.0,296.0,6.0,0.0,9.0,108.0,374.0,17.0,5.0,1.0,109.0,3.0,6.0,1.0,292.0,4.0,6.0,92.0,49.0,96.0,17.0,7.0,14.0,0.0,0.0,1.0,44.0,42.0,4940.0,11.0,53.0,12.0,8.0,25.0,0.0,0.0,482.0,451.0,0.0,4.0,10.0,0.0,109.0,102.0,12.0,19.0,237.0,5.0,3.0,16.0,9.0,122.0,1.0,11.0,24.0,870.0,10.0,9.0,17.0,2.0,7.0,19.0,0.0,31.0,285.0,6.0,49.0,8.0,4500.0,3814.0,894.0,1216.0,221.0,0.0,1.0,53.0,3.0,159.0,26.0,13.0,21.0,165.0,8.0,94.0,57.0,0.0,3.0,2.0,4.0,0.0,2.0,8.0,43.0,24.0,0.0,17.0,15.0,168.0,160.0,7120.0,653.0,2160.0,361.0,11.0,21.0,0.0,101.0,0.0,1.0,5.0,33.0,14.0,144.0,29.0,22.0,351.0,62.0,20.0,0.0,85.0,118.0,50.0,1203.0,122.0,9.0,0.0,3.0,0.0,21.0,95.0,17.0,53.0,226.0,0.0,0.0,23.0,69.0,159.0,137.0,4956.0,10.0,705.0,5.0,290.0,7.0,3.0,71.0,2.0,4.0,27.0,714.0,1386.0,1.0,0.0,3.0,88.0,0.0,35.0,1.0,1.0,27.0,6.0,3.0,10.0,629.0,25.0,74.0,2.0,1.0,0.0,5.0,277.0,0.0,9.0,3.0,22.0,22.0
2024-11,160.0,47.0,1200.0,656.0,0.0,242.0,1.0,15.0,85.0,12.0,2.0,0.0,117.0,268.0,13.0,4.0,47.0,19.0,6.0,0.0,0.0,0.0,1.0,0.0,14.0,50.0,324.0,2.0,7.0,41.0,258.0,239.0,0.0,31.0,34.0,32.0,2475.0,28.0,19.0,139.0,1.0,0.0,1.0,46.0,18.0,4.0,2.0,75.0,4.0,2.0,39.0,13.0,14.0,0.0,3.0,100.0,44.0,1.0,1.0,51.0,24.0,18.0,0.0,2.0,24.0,5.0,35.0,1.0,94.0,13.0,4.0,6.0,39.0,49.0,0.0,4.0,4.0,0.0,1.0,0.0,17.0,49.0,345.0,38.0,17.0,63.0,14.0,1.0,0.0,0.0,119.0,49.0,1.0,1.0,4.0,1.0,198.0,474.0,4.0,3.0,7.0,3.0,8.0,2.0,5.0,27.0,0.0,44.0,11.0,194.0,6.0,21.0,3.0,0.0,3.0,2.0,0.0,111.0,51.0,4.0,178.0,4.0,4046.0,435.0,60.0,155.0,87.0,0.0,0.0,27.0,2.0,410.0,10.0,9.0,23.0,160.0,1.0,20.0,69.0,1.0,1.0,1.0,1.0,0.0,1.0,5.0,12.0,11.0,0.0,3.0,1.0,39.0,387.0,9555.0,515.0,1443.0,86.0,9.0,10.0,1.0,28.0,0.0,0.0,13.0,71.0,6.0,130.0,19.0,3.0,345.0,19.0,7.0,0.0,15.0,181.0,26.0,107.0,206.0,10.0,0.0,0.0,9.0,14.0,29.0,36.0,18.0,21.0,0.0,1.0,5.0,5.0,21.0,86.0,514.0,20.0,205.0,3.0,117.0,11.0,8.0,47.0,0.0,2.0,2.0,25.0,475.0,0.0,0.0,3.0,21.0,0.0,4.0,0.0,0.0,13.0,5.0,3.0,3.0,86.0,10.0,103.0,0.0,19.0,0.0,4.0,283.0,3.0,3.0,13.0,8.0,48.0
2024-12,30.0,65.0,101.0,172.0,4.0,72.0,2.0,16.0,77.0,5.0,10.0,0.0,294.0,662.0,0.0,9.0,97.0,23.0,0.0,0.0,0.0,0.0,0.0,7.0,2.0,0.0,456.0,0.0,23.0,0.0,387.0,102.0,2.0,0.0,49.0,25.0,2530.0,20.0,20.0,18.0,2.0,0.0,0.0,13.0,27.0,5.0,0.0,123.0,3.0,0.0,4.0,0.0,0.0,0.0,9.0,39.0,0.0,2.0,2.0,5.0,22.0,49.0,0.0,0.0,13.0,3.0,7.0,1.0,69.0,2.0,2.0,2.0,1.0,21.0,3.0,6.0,0.0,0.0,0.0,0.0,16.0,16.0,92.0,25.0,8.0,8.0,1.0,2.0,1.0,1.0,13.0,66.0,1.0,3.0,6.0,5.0,97.0,753.0,0.0,2.0,0.0,1.0,0.0,4.0,5.0,16.0,1.0,12.0,7.0,39.0,6.0,4.0,4.0,1.0,19.0,1.0,0.0,24.0,34.0,10.0,118.0,3.0,2580.0,451.0,55.0,107.0,5.0,0.0,4.0,6.0,1.0,90.0,0.0,11.0,15.0,161.0,1.0,40.0,39.0,0.0,0.0,0.0,3.0,0.0,0.0,13.0,5.0,12.0,0.0,3.0,1.0,30.0,314.0,2989.0,363.0,913.0,11.0,0.0,18.0,0.0,1.0,0.0,0.0,0.0,22.0,2.0,83.0,0.0,2.0,165.0,2.0,1.0,0.0,4.0,156.0,23.0,38.0,279.0,40.0,0.0,0.0,3.0,25.0,19.0,57.0,1.0,18.0,0.0,0.0,9.0,16.0,22.0,19.0,153.0,8.0,132.0,3.0,48.0,0.0,3.0,5.0,0.0,7.0,2.0,41.0,217.0,0.0,0.0,0.0,17.0,0.0,10.0,0.0,3.0,10.0,17.0,0.0,4.0,28.0,7.0,46.0,3.0,14.0,0.0,0.0,337.0,0.0,5.0,0.0,20.0,11.0
